-- phpMyAdmin SQL Dump
-- version 5.1.1
-- https://www.phpmyadmin.net/
--
-- Host: 127.0.0.1:3306
-- Generation Time: Sep 23, 2024 at 01:50 PM
-- Server version: 10.4.11-MariaDB
-- PHP Version: 8.0.7

SET SQL_MODE = "NO_AUTO_VALUE_ON_ZERO";
START TRANSACTION;
SET time_zone = "+00:00";


/*!40101 SET @OLD_CHARACTER_SET_CLIENT=@@CHARACTER_SET_CLIENT */;
/*!40101 SET @OLD_CHARACTER_SET_RESULTS=@@CHARACTER_SET_RESULTS */;
/*!40101 SET @OLD_COLLATION_CONNECTION=@@COLLATION_CONNECTION */;
/*!40101 SET NAMES utf8mb4 */;

--
-- Database: `laravel_putri`
--

-- --------------------------------------------------------

--
-- Table structure for table `category`
--

CREATE TABLE `category` (
  `id_category` int(11) NOT NULL,
  `nama_category` varchar(50) NOT NULL,
  `created_at` timestamp NOT NULL DEFAULT current_timestamp(),
  `updated_at` timestamp NOT NULL DEFAULT current_timestamp()
) ENGINE=MyISAM DEFAULT CHARSET=utf8mb4;

--
-- Dumping data for table `category`
--

INSERT INTO `category` (`id_category`, `nama_category`, `created_at`, `updated_at`) VALUES
(1, 'Bebatuan Megalith', '2022-11-14 05:48:16', '2022-11-14 05:48:16'),
(2, 'Benteng', '2022-11-18 03:59:30', '2022-11-18 03:59:30'),
(3, 'Candi', '2022-11-18 03:59:30', '2022-11-18 03:59:30'),
(4, 'Goa', '2022-11-18 03:59:48', '2022-11-18 03:59:48'),
(5, 'Istana', '2022-11-18 03:59:48', '2022-11-18 03:59:48'),
(6, 'Makam', '2022-11-18 04:00:03', '2022-11-18 04:00:03'),
(7, 'Museum', '2022-11-18 04:00:03', '2022-11-18 04:00:03'),
(8, 'Prasasti', '2022-11-18 04:00:14', '2022-11-18 04:00:14'),
(9, 'Titik Awal', '2022-12-14 08:05:09', '2022-12-14 08:05:09');

-- --------------------------------------------------------

--
-- Table structure for table `graf`
--

CREATE TABLE `graf` (
  `id_graf` int(11) NOT NULL,
  `jalur` int(11) NOT NULL DEFAULT 1,
  `id_node` int(11) NOT NULL DEFAULT 1,
  `jarak` double NOT NULL DEFAULT 0,
  `id_wisata` int(11) NOT NULL DEFAULT 1,
  `created_at` timestamp NOT NULL DEFAULT current_timestamp(),
  `updated_at` timestamp NOT NULL DEFAULT current_timestamp()
) ENGINE=MyISAM DEFAULT CHARSET=utf8mb4;

--
-- Dumping data for table `graf`
--

INSERT INTO `graf` (`id_graf`, `jalur`, `id_node`, `jarak`, `id_wisata`, `created_at`, `updated_at`) VALUES
(1, 1, 3, 0, 3, '2022-11-26 18:33:47', '2022-11-26 18:33:47'),
(2, 1, 4, 1060, 3, '2022-12-01 19:25:58', '2022-12-01 19:25:58'),
(3, 1, 5, 3610, 3, '2022-12-01 20:23:27', '2022-12-01 20:23:27'),
(4, 1, 6, 1510, 3, '2022-12-01 20:32:11', '2022-12-01 20:32:11'),
(5, 1, 7, 716.42, 3, '2022-12-01 20:32:11', '2022-12-01 20:32:11'),
(6, 2, 3, 0, 3, '2022-12-01 20:32:11', '2022-12-01 20:32:11'),
(7, 2, 4, 1060, 3, '2022-12-01 20:32:11', '2022-12-01 20:32:11'),
(8, 2, 5, 3610, 3, '2022-12-01 20:32:11', '2022-12-01 20:32:11'),
(9, 2, 8, 1450, 3, '2022-12-01 20:32:11', '2022-12-01 20:32:11'),
(10, 2, 9, 914.08, 3, '2022-12-01 20:32:11', '2022-12-01 20:32:11'),
(11, 2, 10, 596.4, 3, '2022-12-01 20:32:11', '2022-12-01 20:32:11'),
(12, 2, 11, 408.67, 3, '2022-12-01 20:32:11', '2022-12-01 20:32:11'),
(13, 2, 7, 63.75, 3, '2022-12-01 20:32:11', '2022-12-01 20:32:11'),
(14, 1, 3, 0, 47, '2022-12-27 23:59:30', '2022-12-27 23:59:30'),
(15, 1, 4, 1060, 47, '2022-12-28 00:19:16', '2022-12-28 00:19:16'),
(16, 1, 12, 1220, 47, '2022-12-28 00:19:16', '2022-12-28 00:19:16'),
(17, 1, 13, 1710, 47, '2022-12-28 00:19:16', '2022-12-28 00:19:16'),
(18, 1, 14, 277.47, 47, '2022-12-28 00:19:16', '2022-12-28 00:19:16'),
(19, 1, 15, 618.21, 47, '2022-12-28 00:19:16', '2022-12-28 00:19:16'),
(20, 1, 16, 13.75, 47, '2022-12-28 00:19:16', '2022-12-28 00:19:16'),
(21, 1, 17, 216.49, 47, '2022-12-28 00:19:16', '2022-12-28 00:19:16'),
(22, 1, 18, 1430, 47, '2022-12-28 00:19:16', '2022-12-28 00:19:16'),
(23, 1, 19, 543, 47, '2022-12-28 00:19:16', '2022-12-28 00:19:16'),
(24, 1, 20, 27.03, 47, '2022-12-28 00:19:16', '2022-12-28 00:19:16'),
(25, 1, 21, 323.58, 47, '2022-12-28 00:19:16', '2022-12-28 00:19:16'),
(26, 1, 22, 250.1, 47, '2022-12-28 00:19:16', '2022-12-28 00:19:16'),
(27, 1, 23, 618.95, 47, '2022-12-28 00:19:16', '2022-12-28 00:19:16'),
(28, 2, 3, 0, 47, '2022-12-28 00:21:03', '2022-12-28 00:21:03'),
(29, 2, 4, 1060, 47, '2022-12-28 00:21:03', '2022-12-28 00:21:03'),
(30, 2, 12, 1220, 47, '2022-12-28 00:25:32', '2022-12-28 00:25:32'),
(31, 2, 24, 611.95, 47, '2022-12-28 00:25:32', '2022-12-28 00:25:32'),
(32, 2, 25, 3040, 47, '2022-12-28 00:25:32', '2022-12-28 00:25:32'),
(33, 2, 26, 1420, 47, '2022-12-28 00:25:32', '2022-12-28 00:25:32'),
(34, 2, 27, 248.69, 47, '2022-12-28 00:25:32', '2022-12-28 00:25:32'),
(35, 2, 23, 618.95, 47, '2022-12-28 00:25:32', '2022-12-28 00:25:32'),
(36, 1, 208, 0, 2, '2022-12-28 00:33:53', '2022-12-28 00:33:53'),
(37, 1, 209, 8600, 2, '2022-12-28 00:33:53', '2022-12-28 00:33:53'),
(38, 1, 210, 5070, 2, '2022-12-28 00:33:53', '2022-12-28 00:33:53'),
(39, 1, 211, 53.56, 2, '2022-12-28 00:33:53', '2022-12-28 00:33:53'),
(40, 1, 212, 733.42, 2, '2022-12-28 00:33:53', '2022-12-28 00:33:53'),
(41, 1, 213, 1050, 2, '2022-12-28 00:33:53', '2022-12-28 00:33:53'),
(42, 2, 208, 0, 2, '2022-12-28 00:41:17', '2022-12-28 00:41:17'),
(43, 2, 209, 8600, 2, '2022-12-28 00:41:51', '2022-12-28 00:41:51'),
(44, 2, 214, 1090, 2, '2022-12-28 00:42:21', '2022-12-28 00:42:21'),
(45, 2, 215, 3480, 2, '2022-12-28 00:42:59', '2022-12-28 00:42:59'),
(46, 2, 216, 2010, 2, '2022-12-28 00:43:40', '2022-12-28 00:43:40'),
(47, 2, 217, 626.53, 2, '2022-12-28 00:44:20', '2022-12-28 00:44:20'),
(48, 2, 218, 95.27, 2, '2022-12-28 00:44:51', '2022-12-28 00:44:51'),
(49, 2, 219, 356.78, 2, '2022-12-28 00:45:21', '2022-12-28 00:45:21'),
(50, 2, 220, 331.43, 2, '2022-12-28 00:45:51', '2022-12-28 00:45:51'),
(51, 2, 213, 1050, 2, '2022-12-28 00:46:34', '2022-12-28 00:46:34'),
(52, 1, 3, 0, 10, '2023-01-01 08:08:54', '2023-01-01 08:08:54'),
(53, 1, 4, 1060, 10, '2023-01-01 08:08:54', '2023-01-01 08:08:54'),
(54, 1, 62, 1800, 10, '2023-01-01 08:08:54', '2023-01-01 08:08:54'),
(55, 1, 63, 2000, 10, '2023-01-01 08:08:54', '2023-01-01 08:08:54'),
(56, 1, 64, 35.88, 10, '2023-01-01 08:08:54', '2023-01-01 08:08:54'),
(57, 1, 65, 612.31, 10, '2023-01-01 08:08:54', '2023-01-01 08:08:54'),
(58, 1, 66, 8000, 10, '2023-01-01 08:08:54', '2023-01-01 08:08:54'),
(59, 1, 67, 9380, 10, '2023-01-01 08:08:54', '2023-01-01 08:08:54'),
(60, 1, 68, 2440, 10, '2023-01-01 08:08:54', '2023-01-01 08:08:54'),
(61, 1, 69, 416.75, 10, '2023-01-01 08:08:54', '2023-01-01 08:08:54'),
(62, 1, 70, 1140, 10, '2023-01-01 08:08:54', '2023-01-01 08:08:54'),
(63, 1, 71, 1310, 10, '2023-01-01 08:08:54', '2023-01-01 08:08:54'),
(64, 1, 72, 57.32, 10, '2023-01-01 08:08:54', '2023-01-01 08:08:54'),
(65, 2, 3, 0, 10, '2023-01-01 08:42:23', '2023-01-01 08:42:23'),
(66, 2, 73, 169.54, 10, '2023-01-01 08:42:23', '2023-01-01 08:42:23'),
(67, 2, 74, 396.29, 10, '2023-01-01 08:42:23', '2023-01-01 08:42:23'),
(68, 2, 75, 32.22, 10, '2023-01-01 08:42:23', '2023-01-01 08:42:23'),
(69, 2, 76, 397.69, 10, '2023-01-01 08:42:23', '2023-01-01 08:42:23'),
(70, 2, 77, 68.08, 10, '2023-01-01 08:42:23', '2023-01-01 08:42:23'),
(71, 2, 78, 2990, 10, '2023-01-01 08:42:23', '2023-01-01 08:42:23'),
(72, 2, 79, 5980, 10, '2023-01-01 08:42:23', '2023-01-01 08:42:23'),
(73, 2, 80, 756.18, 10, '2023-01-01 08:42:23', '2023-01-01 08:42:23'),
(74, 2, 81, 814.02, 10, '2023-01-01 08:42:23', '2023-01-01 08:42:23'),
(75, 2, 82, 1800, 10, '2023-01-01 08:42:23', '2023-01-01 08:42:23'),
(76, 2, 83, 3430, 10, '2023-01-01 08:42:23', '2023-01-01 08:42:23'),
(77, 2, 84, 768.46, 10, '2023-01-01 08:42:23', '2023-01-01 08:42:23'),
(78, 2, 85, 3420, 10, '2023-01-01 08:42:23', '2023-01-01 08:42:23'),
(79, 2, 86, 313.41, 10, '2023-01-01 08:42:23', '2023-01-01 08:42:23'),
(80, 2, 70, 1140, 10, '2023-01-01 08:42:23', '2023-01-01 08:42:23'),
(81, 2, 71, 1310, 10, '2023-01-01 08:42:23', '2023-01-01 08:42:23'),
(82, 2, 72, 57.32, 10, '2023-01-01 08:42:23', '2023-01-01 08:42:23'),
(83, 1, 3, 0, 1, '2023-01-08 05:38:40', '2023-01-08 05:38:40'),
(84, 1, 40, 508.84, 1, '2023-01-08 05:38:40', '2023-01-08 05:38:40'),
(85, 1, 41, 752.06, 1, '2023-01-08 05:38:40', '2023-01-08 05:38:40'),
(86, 1, 42, 77.35, 1, '2023-01-08 05:38:40', '2023-01-08 05:38:40'),
(87, 1, 43, 542.64, 1, '2023-01-08 05:38:40', '2023-01-08 05:38:40'),
(88, 1, 44, 728.49, 1, '2023-01-08 05:38:40', '2023-01-08 05:38:40'),
(89, 1, 45, 387.32, 1, '2023-01-08 05:38:40', '2023-01-08 05:38:40'),
(90, 1, 46, 457.58, 1, '2023-01-08 05:38:40', '2023-01-08 05:38:40'),
(91, 1, 47, 5190, 1, '2023-01-08 05:38:40', '2023-01-08 05:38:40'),
(92, 1, 48, 244.85, 1, '2023-01-08 05:38:40', '2023-01-08 05:38:40'),
(93, 1, 49, 47.33, 1, '2023-01-08 05:38:40', '2023-01-08 05:38:40'),
(94, 1, 50, 218.91, 1, '2023-01-08 05:38:40', '2023-01-08 05:38:40'),
(95, 1, 51, 1670, 1, '2023-01-08 05:38:40', '2023-01-08 05:38:40'),
(96, 1, 52, 4450, 1, '2023-01-08 05:38:40', '2023-01-08 05:38:40'),
(97, 1, 53, 1590, 1, '2023-01-08 05:38:40', '2023-01-08 05:38:40'),
(98, 1, 54, 1100, 1, '2023-01-08 05:38:40', '2023-01-08 05:38:40'),
(99, 1, 55, 137.44, 1, '2023-01-08 05:38:40', '2023-01-08 05:38:40'),
(100, 2, 3, 0, 1, '2023-01-09 02:38:11', '2023-01-09 02:38:11'),
(101, 2, 56, 1070, 1, '2023-01-09 02:38:11', '2023-01-09 02:38:11'),
(102, 2, 57, 1570, 1, '2023-01-09 02:38:11', '2023-01-09 02:38:11'),
(103, 2, 58, 3740, 1, '2023-01-09 02:38:11', '2023-01-09 02:38:11'),
(104, 2, 59, 559.77, 1, '2023-01-09 02:45:41', '2023-01-09 02:45:41'),
(105, 2, 60, 6330, 1, '2023-01-09 02:45:41', '2023-01-09 02:45:41'),
(106, 2, 61, 4450, 1, '2023-01-09 02:45:41', '2023-01-09 02:45:41'),
(107, 2, 53, 1590, 1, '2023-01-09 02:45:41', '2023-01-09 02:45:41'),
(108, 2, 54, 1100, 1, '2023-01-09 02:45:41', '2023-01-09 02:45:41'),
(109, 2, 55, 137.44, 1, '2023-01-09 02:45:41', '2023-01-09 02:45:41'),
(110, 1, 3, 0, 6, '2023-01-09 03:34:42', '2023-01-09 03:34:42'),
(111, 1, 4, 1060, 6, '2023-01-09 03:34:42', '2023-01-09 03:34:42'),
(112, 1, 87, 1820, 6, '2023-01-09 03:34:42', '2023-01-09 03:34:42'),
(113, 1, 88, 2110, 6, '2023-01-09 03:34:42', '2023-01-09 03:34:42'),
(114, 1, 89, 1090, 6, '2023-01-09 03:34:42', '2023-01-09 03:34:42'),
(115, 1, 90, 461.84, 6, '2023-01-09 03:34:42', '2023-01-09 03:34:42'),
(116, 1, 91, 359.68, 6, '2023-01-09 03:34:42', '2023-01-09 03:34:42'),
(117, 1, 92, 128.15, 6, '2023-01-09 03:34:42', '2023-01-09 03:34:42'),
(118, 1, 93, 391.73, 6, '2023-01-09 03:34:42', '2023-01-09 03:34:42'),
(119, 1, 94, 396.91, 6, '2023-01-09 03:34:42', '2023-01-09 03:34:42'),
(120, 1, 95, 143.62, 6, '2023-01-09 03:34:42', '2023-01-09 03:34:42'),
(121, 1, 96, 7.31, 6, '2023-01-09 03:34:42', '2023-01-09 03:34:42'),
(122, 1, 97, 31.27, 6, '2023-01-09 03:34:42', '2023-01-09 03:34:42'),
(134, 1, 3, 0, 41, '2023-01-09 04:32:10', '2023-01-09 04:32:10'),
(124, 2, 3, 0, 6, '2023-01-09 04:11:56', '2023-01-09 04:11:56'),
(125, 2, 4, 1060, 6, '2023-01-09 04:11:56', '2023-01-09 04:11:56'),
(126, 2, 87, 1820, 6, '2023-01-09 04:11:56', '2023-01-09 04:11:56'),
(127, 2, 88, 2110, 6, '2023-01-09 04:11:56', '2023-01-09 04:11:56'),
(128, 2, 98, 1430, 6, '2023-01-09 04:11:56', '2023-01-09 04:11:56'),
(129, 2, 99, 543.18, 6, '2023-01-09 04:11:56', '2023-01-09 04:11:56'),
(130, 2, 100, 26.68, 6, '2023-01-09 04:11:56', '2023-01-09 04:11:56'),
(131, 2, 101, 1910, 6, '2023-01-09 04:11:56', '2023-01-09 04:11:56'),
(132, 2, 102, 923.14, 6, '2023-01-09 04:11:56', '2023-01-09 04:11:56'),
(133, 2, 103, 122.56, 6, '2023-01-09 04:11:56', '2023-01-09 04:11:56'),
(135, 1, 4, 1060, 41, '2023-01-09 04:32:10', '2023-01-09 04:32:10'),
(136, 1, 62, 1800, 41, '2023-01-09 04:32:10', '2023-01-09 04:32:10'),
(137, 1, 63, 2000, 41, '2023-01-09 04:32:10', '2023-01-09 04:32:10'),
(138, 1, 104, 5830, 41, '2023-01-09 04:32:10', '2023-01-09 04:32:10'),
(139, 1, 105, 1240, 41, '2023-01-09 04:32:10', '2023-01-09 04:32:10'),
(140, 1, 106, 2200, 41, '2023-01-09 04:32:10', '2023-01-09 04:32:10'),
(141, 1, 107, 1110, 41, '2023-01-09 04:32:10', '2023-01-09 04:32:10'),
(142, 1, 108, 651.87, 41, '2023-01-09 04:32:10', '2023-01-09 04:32:10'),
(143, 1, 109, 576, 41, '2023-01-09 04:32:10', '2023-01-09 04:32:10'),
(144, 1, 110, 4580, 41, '2023-01-09 04:32:10', '2023-01-09 04:32:10'),
(145, 1, 111, 404.66, 41, '2023-01-09 04:32:10', '2023-01-09 04:32:10'),
(146, 1, 112, 628.37, 41, '2023-01-09 04:32:10', '2023-01-09 04:32:10'),
(147, 1, 113, 980.57, 41, '2023-01-09 04:32:10', '2023-01-09 04:32:10'),
(148, 2, 3, 0, 41, '2023-01-09 04:44:25', '2023-01-09 04:44:25'),
(149, 2, 4, 1060, 41, '2023-01-09 04:44:25', '2023-01-09 04:44:25'),
(150, 2, 114, 5760, 41, '2023-01-09 04:44:25', '2023-01-09 04:44:25'),
(151, 2, 115, 1300, 41, '2023-01-09 04:44:25', '2023-01-09 04:44:25'),
(152, 2, 116, 3430, 41, '2023-01-09 04:44:25', '2023-01-09 04:44:25'),
(153, 2, 110, 4580, 41, '2023-01-09 04:44:25', '2023-01-09 04:44:25'),
(154, 2, 111, 404.66, 41, '2023-01-09 04:44:25', '2023-01-09 04:44:25'),
(155, 2, 112, 628.37, 41, '2023-01-09 04:44:25', '2023-01-09 04:44:25'),
(156, 2, 113, 980.57, 41, '2023-01-09 04:44:25', '2023-01-09 04:44:25'),
(157, 1, 3, 0, 50, '2023-01-09 04:57:00', '2023-01-09 04:57:00'),
(158, 1, 73, 169.54, 50, '2023-01-09 04:57:00', '2023-01-09 04:57:00'),
(159, 1, 74, 396.29, 50, '2023-01-09 04:57:00', '2023-01-09 04:57:00'),
(160, 1, 75, 32.22, 50, '2023-01-09 04:57:00', '2023-01-09 04:57:00'),
(161, 1, 76, 397.69, 50, '2023-01-09 04:57:00', '2023-01-09 04:57:00'),
(162, 1, 77, 68.08, 50, '2023-01-09 04:57:00', '2023-01-09 04:57:00'),
(163, 1, 78, 2990, 50, '2023-01-09 05:07:19', '2023-01-09 05:07:19'),
(164, 1, 79, 5980, 50, '2023-01-09 05:07:19', '2023-01-09 05:07:19'),
(165, 1, 117, 4430, 50, '2023-01-09 05:07:19', '2023-01-09 05:07:19'),
(166, 1, 118, 4970, 50, '2023-01-09 05:07:19', '2023-01-09 05:07:19'),
(167, 1, 119, 340.14, 50, '2023-01-09 05:07:19', '2023-01-09 05:07:19'),
(168, 1, 120, 202.92, 50, '2023-01-09 05:07:19', '2023-01-09 05:07:19'),
(169, 2, 3, 0, 50, '2023-01-09 05:25:19', '2023-01-09 05:25:19'),
(170, 2, 73, 169.54, 50, '2023-01-09 05:25:19', '2023-01-09 05:25:19'),
(171, 2, 74, 396.29, 50, '2023-01-09 05:25:19', '2023-01-09 05:25:19'),
(172, 2, 75, 32.22, 50, '2023-01-09 05:25:19', '2023-01-09 05:25:19'),
(173, 2, 76, 397.69, 50, '2023-01-09 05:25:19', '2023-01-09 05:25:19'),
(174, 2, 77, 68.08, 50, '2023-01-09 05:25:19', '2023-01-09 05:25:19'),
(175, 2, 121, 407.71, 50, '2023-01-09 05:25:19', '2023-01-09 05:25:19'),
(176, 2, 122, 710.21, 50, '2023-01-09 05:25:19', '2023-01-09 05:25:19'),
(177, 2, 123, 66.77, 50, '2023-01-09 05:25:19', '2023-01-09 05:25:19'),
(178, 2, 124, 3890, 50, '2023-01-09 05:25:19', '2023-01-09 05:25:19'),
(179, 2, 125, 3400, 50, '2023-01-09 05:25:19', '2023-01-09 05:25:19'),
(180, 2, 126, 134.35, 50, '2023-01-09 05:25:19', '2023-01-09 05:25:19'),
(181, 2, 127, 277.25, 50, '2023-01-09 05:25:19', '2023-01-09 05:25:19'),
(182, 2, 128, 181.05, 50, '2023-01-09 05:25:19', '2023-01-09 05:25:19'),
(183, 2, 129, 5540, 50, '2023-01-09 05:25:19', '2023-01-09 05:25:19'),
(184, 2, 118, 4970, 50, '2023-01-09 05:25:19', '2023-01-09 05:25:19'),
(185, 2, 119, 340.14, 50, '2023-01-09 05:25:19', '2023-01-09 05:25:19'),
(186, 2, 120, 202.92, 50, '2023-01-09 05:25:19', '2023-01-09 05:25:19'),
(187, 1, 3, 0, 34, '2023-01-09 05:45:58', '2023-01-09 05:45:58'),
(188, 1, 4, 1060, 34, '2023-01-09 05:45:58', '2023-01-09 05:45:58'),
(189, 1, 62, 1800, 34, '2023-01-09 05:45:58', '2023-01-09 05:45:58'),
(190, 1, 63, 2000, 34, '2023-01-09 05:45:58', '2023-01-09 05:45:58'),
(191, 1, 130, 8520, 34, '2023-01-09 05:45:58', '2023-01-09 05:45:58'),
(192, 1, 131, 2620, 34, '2023-01-09 05:45:58', '2023-01-09 05:45:58'),
(193, 1, 132, 629.25, 34, '2023-01-09 05:45:58', '2023-01-09 05:45:58'),
(194, 1, 133, 274.06, 34, '2023-01-09 05:57:15', '2023-01-09 05:57:15'),
(195, 1, 134, 59.57, 34, '2023-01-09 05:57:15', '2023-01-09 05:57:15'),
(196, 1, 135, 3580, 34, '2023-01-09 05:57:15', '2023-01-09 05:57:15'),
(197, 1, 136, 794.12, 34, '2023-01-09 05:57:15', '2023-01-09 05:57:15'),
(198, 1, 137, 5150, 34, '2023-01-09 05:57:15', '2023-01-09 05:57:15'),
(199, 1, 138, 353.36, 34, '2023-01-09 05:57:15', '2023-01-09 05:57:15'),
(200, 1, 139, 1490, 34, '2023-01-09 05:57:15', '2023-01-09 05:57:15'),
(201, 1, 140, 894.04, 34, '2023-01-09 05:57:15', '2023-01-09 05:57:15'),
(202, 1, 141, 847.62, 34, '2023-01-09 05:57:15', '2023-01-09 05:57:15'),
(203, 1, 142, 277.94, 34, '2023-01-09 05:57:15', '2023-01-09 05:57:15'),
(204, 2, 3, 0, 34, '2023-01-09 06:23:53', '2023-01-09 06:23:53'),
(205, 2, 73, 169.54, 34, '2023-01-09 06:23:53', '2023-01-09 06:23:53'),
(206, 2, 74, 396.29, 34, '2023-01-09 06:23:53', '2023-01-09 06:23:53'),
(207, 2, 75, 32.22, 34, '2023-01-09 06:23:53', '2023-01-09 06:23:53'),
(208, 2, 76, 397.69, 34, '2023-01-09 06:23:53', '2023-01-09 06:23:53'),
(209, 2, 77, 68.08, 34, '2023-01-09 06:23:53', '2023-01-09 06:23:53'),
(210, 2, 121, 407.71, 34, '2023-01-09 06:23:53', '2023-01-09 06:23:53'),
(211, 2, 143, 749.61, 34, '2023-01-09 06:23:53', '2023-01-09 06:23:53'),
(212, 2, 144, 693.47, 34, '2023-01-09 06:23:53', '2023-01-09 06:23:53'),
(213, 2, 145, 1360, 34, '2023-01-09 06:23:53', '2023-01-09 06:23:53'),
(214, 2, 146, 13590, 34, '2023-01-09 06:23:53', '2023-01-09 06:23:53'),
(215, 2, 147, 1530, 34, '2023-01-09 06:23:53', '2023-01-09 06:23:53'),
(216, 2, 148, 1120, 34, '2023-01-09 06:23:53', '2023-01-09 06:23:53'),
(217, 2, 132, 629.25, 34, '2023-01-09 06:23:53', '2023-01-09 06:23:53'),
(218, 2, 133, 274.06, 34, '2023-01-09 06:23:53', '2023-01-09 06:23:53'),
(219, 2, 134, 59.57, 34, '2023-01-09 06:23:53', '2023-01-09 06:23:53'),
(220, 2, 135, 3580, 34, '2023-01-09 06:23:53', '2023-01-09 06:23:53'),
(221, 2, 136, 794.12, 34, '2023-01-09 06:23:53', '2023-01-09 06:23:53'),
(222, 2, 137, 5150, 34, '2023-01-09 06:23:53', '2023-01-09 06:23:53'),
(223, 2, 138, 353.36, 34, '2023-01-09 06:23:53', '2023-01-09 06:23:53'),
(224, 2, 139, 1490, 34, '2023-01-09 06:23:53', '2023-01-09 06:23:53'),
(225, 2, 140, 894.04, 34, '2023-01-09 06:23:53', '2023-01-09 06:23:53'),
(226, 2, 141, 847.62, 34, '2023-01-09 06:23:53', '2023-01-09 06:23:53'),
(227, 2, 142, 277.94, 34, '2023-01-09 06:23:53', '2023-01-09 06:23:53'),
(228, 1, 3, 0, 36, '2023-01-09 06:38:50', '2023-01-09 06:38:50'),
(229, 1, 4, 1060, 36, '2023-01-09 06:38:50', '2023-01-09 06:38:50'),
(230, 1, 149, 3610, 36, '2023-01-09 06:38:50', '2023-01-09 06:38:50'),
(231, 1, 150, 1710, 36, '2023-01-09 06:38:50', '2023-01-09 06:38:50'),
(232, 1, 151, 381.97, 36, '2023-01-09 06:38:50', '2023-01-09 06:38:50'),
(233, 1, 152, 2380, 36, '2023-01-09 06:38:50', '2023-01-09 06:38:50'),
(234, 1, 153, 879.29, 36, '2023-01-09 06:38:50', '2023-01-09 06:38:50'),
(235, 1, 154, 26730, 36, '2023-01-09 06:38:50', '2023-01-09 06:38:50'),
(236, 1, 155, 46.31, 36, '2023-01-09 06:38:50', '2023-01-09 06:38:50'),
(237, 1, 156, 765.66, 36, '2023-01-09 06:38:50', '2023-01-09 06:38:50'),
(271, 2, 3, 0, 22, '2023-01-09 11:23:23', '2023-01-09 11:23:23'),
(239, 2, 3, 0, 36, '2023-01-09 10:22:33', '2023-01-09 10:22:33'),
(240, 2, 56, 1070, 36, '2023-01-09 10:22:33', '2023-01-09 10:22:33'),
(241, 2, 157, 126.69, 36, '2023-01-09 10:22:33', '2023-01-09 10:22:33'),
(242, 2, 158, 2940, 36, '2023-01-09 10:22:33', '2023-01-09 10:22:33'),
(243, 2, 159, 753.74, 36, '2023-01-09 10:22:33', '2023-01-09 10:22:33'),
(244, 2, 160, 696.68, 36, '2023-01-09 10:22:33', '2023-01-09 10:22:33'),
(245, 2, 161, 257.35, 36, '2023-01-09 10:22:33', '2023-01-09 10:22:33'),
(246, 2, 162, 1620, 36, '2023-01-09 10:22:33', '2023-01-09 10:22:33'),
(247, 2, 163, 900, 36, '2023-01-09 10:22:33', '2023-01-09 10:22:33'),
(248, 2, 164, 2110, 36, '2023-01-09 10:22:33', '2023-01-09 10:22:33'),
(249, 2, 154, 26730, 36, '2023-01-09 10:22:33', '2023-01-09 10:22:33'),
(250, 2, 155, 46.31, 36, '2023-01-09 10:22:33', '2023-01-09 10:22:33'),
(251, 2, 156, 765.66, 36, '2023-01-09 10:22:33', '2023-01-09 10:22:33'),
(252, 1, 3, 0, 22, '2023-01-09 10:52:02', '2023-01-09 10:52:02'),
(253, 1, 4, 1060, 22, '2023-01-09 10:52:02', '2023-01-09 10:52:02'),
(254, 1, 62, 1800, 22, '2023-01-09 10:52:02', '2023-01-09 10:52:02'),
(255, 1, 63, 2000, 22, '2023-01-09 10:52:02', '2023-01-09 10:52:02'),
(256, 1, 165, 54550, 22, '2023-01-09 10:52:02', '2023-01-09 10:52:02'),
(257, 1, 166, 3470, 22, '2023-01-09 10:52:02', '2023-01-09 10:52:02'),
(258, 1, 167, 77330, 22, '2023-01-09 10:52:02', '2023-01-09 10:52:02'),
(259, 1, 168, 90560, 22, '2023-01-09 10:52:02', '2023-01-09 10:52:02'),
(260, 1, 169, 8070, 22, '2023-01-09 10:52:02', '2023-01-09 10:52:02'),
(261, 1, 170, 2010, 22, '2023-01-09 10:52:02', '2023-01-09 10:52:02'),
(262, 1, 171, 11920, 22, '2023-01-09 10:52:02', '2023-01-09 10:52:02'),
(263, 1, 172, 19290, 22, '2023-01-09 10:52:02', '2023-01-09 10:52:02'),
(264, 1, 173, 8820, 22, '2023-01-09 10:52:02', '2023-01-09 10:52:02'),
(265, 1, 174, 2110, 22, '2023-01-09 10:52:02', '2023-01-09 10:52:02'),
(266, 1, 175, 40260, 22, '2023-01-09 10:52:02', '2023-01-09 10:52:02'),
(267, 1, 176, 1190, 22, '2023-01-09 10:52:02', '2023-01-09 10:52:02'),
(268, 1, 177, 4570, 22, '2023-01-09 10:52:02', '2023-01-09 10:52:02'),
(269, 1, 178, 300.48, 22, '2023-01-09 10:52:02', '2023-01-09 10:52:02'),
(270, 1, 179, 1480, 22, '2023-01-09 10:52:02', '2023-01-09 10:52:02'),
(272, 2, 4, 1060, 22, '2023-01-09 11:23:23', '2023-01-09 11:23:23'),
(273, 2, 62, 1800, 22, '2023-01-09 11:23:23', '2023-01-09 11:23:23'),
(274, 2, 63, 2000, 22, '2023-01-09 11:23:23', '2023-01-09 11:23:23'),
(275, 2, 165, 54550, 22, '2023-01-09 11:23:23', '2023-01-09 11:23:23'),
(276, 2, 166, 3470, 22, '2023-01-09 11:23:23', '2023-01-09 11:23:23'),
(277, 2, 180, 45550, 22, '2023-01-09 11:23:23', '2023-01-09 11:23:23'),
(278, 2, 181, 437.34, 22, '2023-01-09 11:23:23', '2023-01-09 11:23:23'),
(279, 2, 182, 27110, 22, '2023-01-09 11:23:23', '2023-01-09 11:23:23'),
(280, 2, 183, 11770, 22, '2023-01-09 11:23:23', '2023-01-09 11:23:23'),
(281, 2, 184, 34020, 22, '2023-01-09 11:23:23', '2023-01-09 11:23:23'),
(282, 2, 185, 774.57, 22, '2023-01-09 11:23:23', '2023-01-09 11:23:23'),
(283, 2, 186, 1100, 22, '2023-01-09 11:23:23', '2023-01-09 11:23:23'),
(284, 2, 187, 31160, 22, '2023-01-09 11:23:23', '2023-01-09 11:23:23'),
(285, 2, 188, 7370, 22, '2023-01-09 11:23:23', '2023-01-09 11:23:23'),
(286, 2, 189, 873.72, 22, '2023-01-09 11:23:23', '2023-01-09 11:23:23'),
(287, 2, 190, 72130, 22, '2023-01-09 11:23:23', '2023-01-09 11:23:23'),
(288, 2, 191, 29610, 22, '2023-01-09 11:23:23', '2023-01-09 11:23:23'),
(289, 2, 192, 1430, 22, '2023-01-09 11:23:23', '2023-01-09 11:23:23'),
(290, 2, 193, 2870, 22, '2023-01-09 11:23:23', '2023-01-09 11:23:23'),
(291, 2, 194, 804.15, 22, '2023-01-09 11:23:23', '2023-01-09 11:23:23'),
(292, 2, 195, 335.87, 22, '2023-01-09 11:23:23', '2023-01-09 11:23:23'),
(293, 1, 3, 0, 49, '2023-01-09 11:34:00', '2023-01-09 11:34:00'),
(294, 1, 4, 1060, 49, '2023-01-09 11:34:00', '2023-01-09 11:34:00'),
(295, 1, 62, 1800, 49, '2023-01-09 11:34:00', '2023-01-09 11:34:00'),
(296, 1, 63, 2000, 49, '2023-01-09 11:34:00', '2023-01-09 11:34:00'),
(297, 1, 130, 8520, 49, '2023-01-09 11:34:00', '2023-01-09 11:34:00'),
(298, 1, 196, 10680, 49, '2023-01-09 11:34:00', '2023-01-09 11:34:00'),
(299, 1, 197, 42190, 49, '2023-01-09 11:34:00', '2023-01-09 11:34:00'),
(300, 1, 198, 1660, 49, '2023-01-09 11:34:00', '2023-01-09 11:34:00'),
(301, 1, 199, 1940, 49, '2023-01-09 11:34:00', '2023-01-09 11:34:00'),
(302, 1, 200, 5950, 49, '2023-01-09 11:34:00', '2023-01-09 11:34:00'),
(303, 1, 201, 579.29, 49, '2023-01-09 11:34:00', '2023-01-09 11:34:00'),
(304, 2, 3, 0, 49, '2023-01-09 11:48:06', '2023-01-09 11:48:06'),
(305, 2, 73, 169.54, 49, '2023-01-09 11:48:06', '2023-01-09 11:48:06'),
(306, 2, 74, 396.29, 49, '2023-01-09 11:48:06', '2023-01-09 11:48:06'),
(307, 2, 75, 32.22, 49, '2023-01-09 11:48:06', '2023-01-09 11:48:06'),
(308, 2, 76, 397.69, 49, '2023-01-09 11:48:06', '2023-01-09 11:48:06'),
(309, 2, 77, 68.08, 49, '2023-01-09 11:48:06', '2023-01-09 11:48:06'),
(310, 2, 78, 2990, 49, '2023-01-09 11:48:06', '2023-01-09 11:48:06'),
(311, 2, 79, 5980, 49, '2023-01-09 11:48:06', '2023-01-09 11:48:06'),
(312, 2, 202, 756.13, 49, '2023-01-09 11:48:06', '2023-01-09 11:48:06'),
(313, 2, 203, 333.06, 49, '2023-01-09 11:48:06', '2023-01-09 11:48:06'),
(314, 2, 204, 1710, 49, '2023-01-09 11:48:06', '2023-01-09 11:48:06'),
(315, 2, 205, 3490, 49, '2023-01-09 11:48:06', '2023-01-09 11:48:06'),
(316, 2, 206, 6760, 49, '2023-01-09 11:48:06', '2023-01-09 11:48:06'),
(317, 2, 207, 828.59, 49, '2023-01-09 11:48:06', '2023-01-09 11:48:06'),
(318, 2, 197, 42190, 49, '2023-01-09 11:48:06', '2023-01-09 11:48:06'),
(319, 2, 198, 1660, 49, '2023-01-09 11:48:06', '2023-01-09 11:48:06'),
(320, 2, 199, 1940, 49, '2023-01-09 11:48:06', '2023-01-09 11:48:06'),
(321, 2, 200, 5950, 49, '2023-01-09 11:48:06', '2023-01-09 11:48:06'),
(322, 2, 201, 579.29, 49, '2023-01-09 11:48:06', '2023-01-09 11:48:06'),
(323, 1, 208, 0, 32, '2023-01-10 00:08:27', '2023-01-10 00:08:27'),
(324, 1, 209, 8600, 32, '2023-01-10 00:08:27', '2023-01-10 00:08:27'),
(325, 1, 214, 1090, 32, '2023-01-10 00:08:27', '2023-01-10 00:08:27'),
(326, 1, 221, 3440, 32, '2023-01-10 00:08:27', '2023-01-10 00:08:27'),
(327, 1, 222, 832.32, 32, '2023-01-10 00:08:27', '2023-01-10 00:08:27'),
(328, 1, 223, 954.08, 32, '2023-01-10 00:08:27', '2023-01-10 00:08:27'),
(329, 1, 224, 1650, 32, '2023-01-10 00:08:27', '2023-01-10 00:08:27'),
(330, 1, 225, 650.91, 32, '2023-01-10 00:08:27', '2023-01-10 00:08:27'),
(331, 1, 226, 272.23, 32, '2023-01-10 00:08:27', '2023-01-10 00:08:27'),
(332, 2, 208, 0, 32, '2023-01-10 00:13:53', '2023-01-10 00:13:53'),
(333, 2, 209, 8600, 32, '2023-01-10 00:13:53', '2023-01-10 00:13:53'),
(334, 2, 210, 5070, 32, '2023-01-10 00:13:53', '2023-01-10 00:13:53'),
(335, 2, 227, 880.31, 32, '2023-01-10 00:13:53', '2023-01-10 00:13:53'),
(336, 2, 228, 1590, 32, '2023-01-10 00:13:53', '2023-01-10 00:13:53'),
(337, 2, 225, 650.91, 32, '2023-01-10 00:13:53', '2023-01-10 00:13:53'),
(338, 2, 226, 272.23, 32, '2023-01-10 00:13:53', '2023-01-10 00:13:53'),
(339, 1, 208, 0, 14, '2023-01-10 00:52:56', '2023-01-10 00:52:56'),
(340, 1, 229, 19850, 14, '2023-01-10 00:52:56', '2023-01-10 00:52:56'),
(341, 1, 230, 704.57, 14, '2023-01-10 00:52:56', '2023-01-10 00:52:56'),
(342, 1, 231, 5730, 14, '2023-01-10 00:52:56', '2023-01-10 00:52:56'),
(343, 1, 232, 14420, 14, '2023-01-10 00:52:56', '2023-01-10 00:52:56'),
(344, 1, 233, 770.34, 14, '2023-01-10 00:52:56', '2023-01-10 00:52:56'),
(345, 2, 208, 0, 14, '2023-01-10 01:00:38', '2023-01-10 01:00:38'),
(346, 2, 229, 19850, 14, '2023-01-10 01:00:38', '2023-01-10 01:00:38'),
(347, 2, 230, 740.57, 14, '2023-01-10 01:00:38', '2023-01-10 01:00:38'),
(348, 2, 231, 5730, 14, '2023-01-10 01:00:38', '2023-01-10 01:00:38'),
(349, 2, 234, 10400, 14, '2023-01-10 01:00:38', '2023-01-10 01:00:38'),
(350, 2, 235, 19360, 14, '2023-01-10 01:00:38', '2023-01-10 01:00:38'),
(351, 2, 236, 11690, 14, '2023-01-10 01:00:38', '2023-01-10 01:00:38'),
(352, 2, 237, 2240, 14, '2023-01-10 01:00:38', '2023-01-10 01:00:38'),
(353, 2, 238, 363.79, 14, '2023-01-10 01:00:38', '2023-01-10 01:00:38'),
(354, 2, 239, 2680, 14, '2023-01-10 01:00:38', '2023-01-10 01:00:38'),
(355, 1, 208, 0, 18, '2023-01-10 01:22:26', '2023-01-10 01:22:26'),
(356, 1, 209, 8600, 18, '2023-01-10 01:22:26', '2023-01-10 01:22:26'),
(357, 1, 240, 5100, 18, '2023-01-10 01:22:26', '2023-01-10 01:22:26'),
(358, 1, 241, 4760, 18, '2023-01-10 01:22:26', '2023-01-10 01:22:26'),
(359, 1, 242, 195.74, 18, '2023-01-10 01:22:26', '2023-01-10 01:22:26'),
(360, 1, 243, 4870, 18, '2023-01-10 01:22:26', '2023-01-10 01:22:26'),
(361, 1, 244, 8760, 18, '2023-01-10 01:22:26', '2023-01-10 01:22:26'),
(362, 1, 245, 956.72, 18, '2023-01-10 01:22:26', '2023-01-10 01:22:26'),
(363, 1, 246, 5710, 18, '2023-01-10 01:22:26', '2023-01-10 01:22:26'),
(364, 1, 247, 1280, 18, '2023-01-10 01:22:26', '2023-01-10 01:22:26'),
(365, 1, 248, 1720, 18, '2023-01-10 01:22:26', '2023-01-10 01:22:26'),
(366, 1, 249, 2840, 18, '2023-01-10 01:22:26', '2023-01-10 01:22:26'),
(367, 1, 250, 560.89, 18, '2023-01-10 01:22:26', '2023-01-10 01:22:26'),
(368, 2, 208, 0, 18, '2023-01-10 01:34:25', '2023-01-10 01:34:25'),
(369, 2, 209, 8600, 18, '2023-01-10 01:34:25', '2023-01-10 01:34:25'),
(370, 2, 240, 5100, 18, '2023-01-10 01:34:25', '2023-01-10 01:34:25'),
(371, 2, 241, 4760, 18, '2023-01-10 01:34:25', '2023-01-10 01:34:25'),
(372, 2, 242, 195.74, 18, '2023-01-10 01:34:25', '2023-01-10 01:34:25'),
(373, 2, 251, 13180, 18, '2023-01-10 01:34:25', '2023-01-10 01:34:25'),
(374, 2, 252, 2700, 18, '2023-01-10 01:34:25', '2023-01-10 01:34:25'),
(375, 2, 253, 295.17, 18, '2023-01-10 01:34:25', '2023-01-10 01:34:25'),
(376, 2, 254, 579.43, 18, '2023-01-10 01:34:25', '2023-01-10 01:34:25'),
(377, 2, 255, 4180, 18, '2023-01-10 01:34:25', '2023-01-10 01:34:25'),
(378, 2, 256, 2510, 18, '2023-01-10 01:34:25', '2023-01-10 01:34:25'),
(379, 2, 257, 2350, 18, '2023-01-10 01:34:25', '2023-01-10 01:34:25'),
(380, 2, 258, 2010, 18, '2023-01-10 01:34:25', '2023-01-10 01:34:25'),
(381, 2, 259, 1170, 18, '2023-01-10 01:34:25', '2023-01-10 01:34:25'),
(382, 2, 260, 933.11, 18, '2023-01-10 01:34:25', '2023-01-10 01:34:25');

-- --------------------------------------------------------

--
-- Table structure for table `node`
--

CREATE TABLE `node` (
  `id_node` int(11) NOT NULL,
  `nama_jalan` varchar(75) NOT NULL,
  `lat` double NOT NULL,
  `long` double NOT NULL,
  `created_at` timestamp NOT NULL DEFAULT current_timestamp(),
  `updated_at` timestamp NOT NULL DEFAULT current_timestamp()
) ENGINE=MyISAM DEFAULT CHARSET=utf8mb4;

--
-- Dumping data for table `node`
--

INSERT INTO `node` (`id_node`, `nama_jalan`, `lat`, `long`, `created_at`, `updated_at`) VALUES
(3, 'Jalan Rumah Sakit Haji 1', 3.6139668717878624, 98.71679562191204, '2022-11-16 21:35:56', '2022-11-16 21:35:56'),
(4, 'Jalan Rumah Sakit Haji 2', 3.614368380664915, 98.70723302666562, '2022-11-17 01:09:50', '2022-11-17 01:09:50'),
(5, 'Jalan Aksara', 3.5820625102396115, 98.70398800289777, '2022-11-17 01:09:50', '2022-11-17 01:09:50'),
(6, 'Jalan Arief Rahman Hakim', 3.568503126187073, 98.70309127913544, '2022-11-17 01:40:36', '2022-11-17 01:40:36'),
(7, 'Jalan HM Joni', 3.5686307616128095, 98.69663617763618, '2022-11-17 01:40:36', '2022-11-17 01:40:36'),
(8, 'Jalan Sutrisno', 3.5806593853100948, 98.69101530314602, '2022-11-17 02:58:46', '2022-11-17 02:58:46'),
(9, 'Jalan Laksana', 3.5724484232251186, 98.6907036683428, '2022-11-17 02:58:46', '2022-11-17 02:58:46'),
(10, 'Jalan Halat', 3.5723229717480045, 98.69607651148877, '2022-11-17 03:01:04', '2022-11-17 03:01:04'),
(11, 'Jalan Gedung Arca', 3.568650160556079, 98.69606792235493, '2022-11-17 03:01:04', '2022-11-17 03:01:04'),
(12, 'Jalan Williem Iskandar 1', 3.6034254280494413, 98.70675093678389, '2022-12-27 03:31:32', '2022-12-27 03:31:32'),
(13, 'Jalan Perjuangan', 3.6040924546985624, 98.69135851331762, '2022-12-27 03:31:32', '2022-12-27 03:31:32'),
(14, 'Jalan Rakyat', 3.601587686508627, 98.691532271038, '2022-12-27 04:14:08', '2022-12-27 04:14:08'),
(15, 'Jalan Ngalengko', 3.598806077874766, 98.68670802936717, '2022-12-27 04:14:08', '2022-12-27 04:14:08'),
(16, 'Jalan Perintis Kemerdekaan', 3.598795902138508, 98.68683255074959, '2022-12-27 04:14:08', '2022-12-27 04:14:08'),
(17, 'Jalan M.H.Thamrin 1', 3.5969447366109883, 98.6874151717164, '2022-12-27 04:14:08', '2022-12-27 04:14:08'),
(18, 'Jalan M.H.Thamrin 2', 3.584956031148772, 98.69197462688746, '2022-12-27 04:14:08', '2022-12-27 04:14:08'),
(19, 'Jalan Asia 1', 3.583127406505935, 98.68743628196567, '2022-12-27 04:14:08', '2022-12-27 04:14:08'),
(20, 'Jalan Sutomo 1', 3.5833487897037517, 98.68734165976711, '2022-12-27 04:14:08', '2022-12-27 04:14:08'),
(21, 'Jalan Pandu ', 3.582311936516931, 98.68461643350547, '2022-12-27 04:14:08', '2022-12-27 04:14:08'),
(22, 'Jalan Hj.Ani Idrus', 3.5813012547380776, 98.68260906962215, '2022-12-27 04:14:08', '2022-12-27 04:14:08'),
(23, 'Jalan Brigjend Katamso', 3.576171146091648, 98.68478070159385, '2022-12-27 04:14:08', '2022-12-27 04:14:08'),
(24, 'Jalan Williem Iskandar 2', 3.5979346792408005, 98.70644101386075, '2022-12-27 04:14:08', '2022-12-27 04:14:08'),
(25, 'Jalan Prof M.Yamin 1', 3.5939751424156574, 98.67935326598364, '2022-12-27 04:14:08', '2022-12-27 04:14:08'),
(26, 'Jalan Cirebon', 3.582311936516931, 98.68461643350547, '2022-12-27 04:14:08', '2022-12-27 04:14:08'),
(27, 'Jalan Pandu 2', 3.581299527484145, 98.68261281809166, '2022-12-27 04:14:08', '2022-12-27 04:14:08'),
(48, 'Pintu Keluar Tol Belmera', 3.673682499449682, 98.67812250033094, '2022-12-27 05:20:08', '2022-12-27 05:20:08'),
(47, 'Jalan Tol Belmera', 3.6736228826941595, 98.68030864708896, '2022-12-27 05:20:08', '2022-12-27 05:20:08'),
(46, 'Jalan H Anif 2', 3.63606091124283, 98.70800771144144, '2022-12-27 05:20:08', '2022-12-27 05:20:08'),
(45, 'Jalan H Anif', 3.6319466650832584, 98.708020316199, '2022-12-27 05:20:08', '2022-12-27 05:20:08'),
(44, 'Jalan Williem Iskandar 3', 3.6284648783754005, 98.70786148713867, '2022-12-27 05:20:08', '2022-12-27 05:20:08'),
(43, 'Jalan Meteorologi Raya 1', 3.6219236672946207, 98.70751208196553, '2022-12-27 05:20:08', '2022-12-27 05:20:08'),
(42, 'Jalan Tanah Garapan 2', 3.621609433207061, 98.71239158360811, '2022-12-27 05:20:08', '2022-12-27 05:20:08'),
(41, 'Jalan Tanah Garapan 1', 3.6209178613993354, 98.71230246796098, '2022-12-27 05:20:08', '2022-12-27 05:20:08'),
(40, 'Jalan Rumah Sakit Haji 3', 3.6141537177187164, 98.71221607062243, '2022-12-27 05:20:08', '2022-12-27 05:20:08'),
(49, 'Simpang Jalan Pulau Nias', 3.6733403739415427, 98.6778879325076, '2022-12-27 05:20:08', '2022-12-27 05:20:08'),
(50, 'Jalan Pulau Nias', 3.673403116440637, 98.6759130810118, '2022-12-27 05:20:08', '2022-12-27 05:20:08'),
(51, 'Jalan Platina I', 3.6853559066101695, 98.66676783001375, '2022-12-27 05:20:08', '2022-12-27 05:20:08'),
(52, 'Jalan Yos Sudarso', 3.72343066960201, 98.67901397229228, '2022-12-27 05:20:08', '2022-12-27 05:20:08'),
(53, 'Jalan Titi Pahlawan', 3.7187681942158632, 98.66544005269299, '2022-12-27 05:20:08', '2022-12-27 05:20:08'),
(54, 'Jalan P. Danau Siombak', 3.724237163933239, 98.65720289160615, '2022-12-27 05:20:08', '2022-12-27 05:20:08'),
(55, 'Jalan Kota Cina', 3.7230323270219245, 98.65693625111398, '2022-12-27 05:20:08', '2022-12-27 05:20:08'),
(56, 'Jalan Rumah Sakit Haji 4', 3.6143653641406615, 98.70717240682575, '2022-12-27 05:20:08', '2022-12-27 05:20:08'),
(57, 'Jalan Williem Iskandar', 3.6284648783754005, 98.70786148713867, '2022-12-27 05:20:08', '2022-12-27 05:20:08'),
(58, 'Jalan Cemara', 3.630097417897563, 98.67416421268793, '2022-12-27 05:20:08', '2022-12-27 05:20:08'),
(59, 'Simpang Jalan Cemara', 3.6284883346444823, 98.66938461510921, '2022-12-27 05:20:08', '2022-12-27 05:20:08'),
(60, 'Jalan Yos Sudarso 2', 3.6853559066101695, 98.66676783001375, '2022-12-27 05:20:08', '2022-12-27 05:20:08'),
(61, 'Jalan Yos Sudarso 3', 3.72343066960201, 98.67901397229228, '2022-12-27 05:20:08', '2022-12-27 05:20:08'),
(62, 'Jalan Williem Iskandar 4', 3.59821489845094, 98.70646500572254, '2022-12-27 05:20:08', '2022-12-27 05:20:08'),
(63, 'Jalan Letda Sujono ', 3.597401171273768, 98.72446817290192, '2022-12-27 05:20:08', '2022-12-27 05:20:08'),
(64, 'Simpang Tol Belmera', 3.5970913762409973, 98.72455865636992, '2022-12-27 05:20:08', '2022-12-27 05:20:08'),
(65, 'Jalan Tol Belmera 2', 3.591612774346614, 98.72409730230007, '2022-12-27 05:20:08', '2022-12-27 05:20:08'),
(66, 'Jalan Tol Belmera 3', 3.5320826290144676, 98.76464446307432, '2022-12-27 05:20:08', '2022-12-27 05:20:08'),
(67, 'Jalan Tol Medan-Kualanamu', 3.536862884348858, 98.8490322254413, '2022-12-27 05:20:08', '2022-12-27 05:20:08'),
(68, 'Pintu Keluar Tol Medan-Kualanamu', 3.5586912434420572, 98.85170228386136, '2022-12-27 05:20:08', '2022-12-27 05:20:08'),
(69, 'Simpang Pintu Keluar Tol', 3.562426314929423, 98.85202738113352, '2022-12-27 05:20:08', '2022-12-27 05:20:08'),
(70, 'Jalan Perdamaian', 3.552433960723332, 98.85447492950972, '2022-12-27 05:20:08', '2022-12-27 05:20:08'),
(71, 'Jalan Medan-Tebing Tinggi', 3.5517990237851773, 98.86623615652323, '2022-12-27 05:20:08', '2022-12-27 05:20:08'),
(72, 'Jalan Petapahan', 3.5522357895971557, 98.86651049258892, '2022-12-27 05:20:08', '2022-12-27 05:20:08'),
(73, 'Jalan Rumah Sakit Haji 5', 3.614028223222157, 98.71832577162021, '2022-12-27 05:20:08', '2022-12-27 05:20:08'),
(74, 'Jalan Treves Area', 3.6175893466453215, 98.71839708992734, '2022-12-27 05:20:08', '2022-12-27 05:20:08'),
(75, 'Jalan Front Tembung', 3.6175909515274887, 98.71868661063307, '2022-12-27 05:20:08', '2022-12-27 05:20:08'),
(76, 'Jalan Meteorologi VI', 3.6211687167621354, 98.71882649682038, '2022-12-27 05:20:08', '2022-12-27 05:20:08'),
(77, 'Simpang Jalan Meteorologi ', 3.6212391897777105, 98.71821837529845, '2022-12-27 05:20:08', '2022-12-27 05:20:08'),
(78, 'Jalan Pehubungan', 3.6203259317678356, 98.7451246179222, '2022-12-27 05:20:08', '2022-12-27 05:20:08'),
(79, 'Jalan Pendidikan', 3.6199405623615917, 98.79902062899154, '2022-12-27 05:20:08', '2022-12-27 05:20:08'),
(80, 'Jalan Ampera 1', 3.6133137979157275, 98.8005461521168, '2022-12-27 05:20:08', '2022-12-27 05:20:08'),
(81, 'Jalan Tembakau Deli', 3.6122536508888308, 98.80780581783466, '2022-12-27 05:20:08', '2022-12-27 05:20:08'),
(82, 'Jalan Batang Kuis', 3.596075741571533, 98.80799008730263, '2022-12-27 05:20:08', '2022-12-27 05:20:08'),
(83, 'Jalan Bandara Kualanamu', 3.598931428963918, 98.83879584765619, '2022-12-27 05:20:08', '2022-12-27 05:20:08'),
(84, 'Gerbang Tol Kualanamu', 3.5942801753181617, 98.84394420976699, '2022-12-27 05:20:08', '2022-12-27 05:20:08'),
(85, 'Jalan Tol Medan-Kualanamu 2', 3.564063480749839, 98.84973258297569, '2022-12-27 05:20:08', '2022-12-27 05:20:08'),
(86, 'Simpang Pintu Keluar Tol.', 3.562426314929423, 98.85202738113352, '2022-12-27 05:20:08', '2022-12-27 05:20:08'),
(87, 'Jalan Willeam Iskandar.', 3.5979827672224993, 98.7066217848934, '2022-12-27 05:44:20', '2022-12-27 05:44:20'),
(88, 'Jalan Prof M.Yamin 2', 3.5969439628539024, 98.68741708722136, '2022-12-27 05:44:20', '2022-12-27 05:44:20'),
(89, 'Jalan Prof M.Yamin 3', 3.5935069297702404, 98.67826174988235, '2022-12-27 05:44:20', '2022-12-27 05:44:20'),
(90, 'Jalan Kereta Api', 3.5897073381881808, 98.67994301202218, '2022-12-27 05:44:20', '2022-12-27 05:44:20'),
(91, 'Jalan Pulau Pinang', 3.5885099826549385, 98.67693099043905, '2022-12-27 05:44:20', '2022-12-27 05:44:20'),
(92, 'Jalan Hindu', 3.58739588347846, 98.67723428869492, '2022-12-27 05:44:20', '2022-12-27 05:44:20'),
(93, 'Jalan Perdana', 3.5868963904348896, 98.6737396237911, '2022-12-27 05:44:20', '2022-12-27 05:44:20'),
(94, 'Jalan Imam Bonjol', 3.5836296091386792, 98.67518570822244, '2022-12-27 05:44:20', '2022-12-27 05:44:20'),
(95, 'Jalan KH.Zainul Arifin 1', 3.5834870431507033, 98.67389439228418, '2022-12-27 05:44:20', '2022-12-27 05:44:20'),
(96, 'Petigaan Jalan KH.Zainul Arifin', 3.5835565360315225, 98.67389546293485, '2022-12-27 05:44:20', '2022-12-27 05:44:20'),
(97, 'Jalan KH.Zainul Arifin 2', 3.5835451589333895, 98.67417709487523, '2022-12-27 05:44:20', '2022-12-27 05:44:20'),
(98, 'Jalan M.H.Thamrin 3', 3.5849587202353663, 98.69197436034021, '2022-12-27 05:44:20', '2022-12-27 05:44:20'),
(99, 'Jalan Asia 2', 3.5831292979988265, 98.68743565765806, '2022-12-27 05:44:20', '2022-12-27 05:44:20'),
(100, 'Jalan Sutomo 2', 3.583347873731369, 98.68734153163533, '2022-12-27 05:44:20', '2022-12-27 05:44:20'),
(101, 'Jalan Jendral Sudirman', 3.575319338627991, 98.67208788770654, '2022-12-27 05:44:20', '2022-12-27 05:44:20'),
(102, 'Jalan Pangeran Diponegoro', 3.5835909276887987, 98.672791730769, '2022-12-27 05:44:20', '2022-12-27 05:44:20'),
(103, 'Jalan KH.Zainul Arifin 3', 3.5835565360315225, 98.67389546293485, '2022-12-27 05:44:20', '2022-12-27 05:44:20'),
(104, 'Jalan Tol Belmera 4', 3.5450169531706575, 98.72663817727434, '2022-12-27 07:59:23', '2022-12-27 07:59:23'),
(105, 'Jalan Tol', 3.535397185414546, 98.72091293941871, '2022-12-27 07:59:23', '2022-12-27 07:59:23'),
(106, 'Jalan Sisingamangaraja', 3.539044164632718, 98.70147407127915, '2022-12-27 07:59:23', '2022-12-27 07:59:23'),
(107, 'Jalan Tritura', 3.5379720518276145, 98.69153644901243, '2022-12-27 07:59:23', '2022-12-27 07:59:23'),
(108, 'Jalan STM', 3.5321112707732003, 98.69140151308558, '2022-12-27 07:59:23', '2022-12-27 07:59:23'),
(109, 'Jalan Brijend Zein Hamid', 3.5322196714729337, 98.68621531297077, '2022-12-27 07:59:23', '2022-12-27 07:59:23'),
(110, 'Jalan Besar Deli Tua', 3.491169409158122, 98.68292010518321, '2022-12-27 07:59:23', '2022-12-27 07:59:23'),
(111, 'Jalan Deli Tua Pamah', 3.488951565280682, 98.68003078195535, '2022-12-27 07:59:23', '2022-12-27 07:59:23'),
(112, 'Gg. Pantai Bunga', 3.4895313084333637, 98.67440152098078, '2022-12-27 07:59:23', '2022-12-27 07:59:23'),
(113, 'Jalan Durian', 3.4809176416439307, 98.67142889685982, '2022-12-27 07:59:23', '2022-12-27 07:59:23'),
(114, 'Jalan Bahagia', 3.5628518297288396, 98.701581945514, '2022-12-27 07:59:23', '2022-12-27 07:59:23'),
(115, 'Jalan Turi', 3.562868800451099, 98.68987832594746, '2022-12-27 07:59:23', '2022-12-27 07:59:23'),
(116, 'Jalan Brijend Zein Hamid.', 3.5322196714729337, 98.68621531297077, '2022-12-27 07:59:23', '2022-12-27 07:59:23'),
(117, 'Jalan Ampera 2', 3.6596623006073026, 98.80180246355788, '2022-12-27 07:59:23', '2022-12-27 07:59:23'),
(118, 'Jalan Batangkuis-Pantai Labu', 3.6811114309010304, 98.84109527831176, '2022-12-27 07:59:23', '2022-12-27 07:59:23'),
(119, 'Jalan Besar Desa Kelambir Dusu', 3.683697496925856, 98.8427302654846, '2022-12-27 07:59:23', '2022-12-27 07:59:23'),
(120, 'Jalan Besar DS.Kelambir', 3.681965502028925, 98.8421679192675, '2022-12-27 07:59:23', '2022-12-27 07:59:23'),
(121, 'Jalan Meteorologi Raya 2', 3.6214660905043745, 98.71455071059371, '2022-12-27 07:59:23', '2022-12-27 07:59:23'),
(122, 'Jalan Kesuma 1', 3.6278383027827408, 98.71412130599805, '2022-12-27 07:59:23', '2022-12-27 07:59:23'),
(123, 'Simpang Jalan Irian', 3.6282142497173475, 98.71459623124983, '2022-12-27 07:59:23', '2022-12-27 07:59:23'),
(124, 'Jalan Irian Barat Desa Sampali', 3.663092418808724, 98.71762903493138, '2022-12-27 07:59:23', '2022-12-27 07:59:23'),
(125, 'Jalan Musyawarah', 3.661742011988662, 98.74825821381202, '2022-12-27 07:59:23', '2022-12-27 07:59:23'),
(126, 'Jalan Abioso', 3.660531707418427, 98.74827395521913, '2022-12-27 07:59:23', '2022-12-27 07:59:23'),
(127, 'Jalan Semar Depan', 3.6604360715070063, 98.75077230644231, '2022-12-27 07:59:23', '2022-12-27 07:59:23'),
(128, 'Jalan Sampali', 3.661589014713436, 98.75192428387959, '2022-12-27 07:59:23', '2022-12-27 07:59:23'),
(129, 'Jalan Dusun VI', 3.6596623006073026, 98.80180246355788, '2022-12-27 07:59:23', '2022-12-27 07:59:23'),
(130, 'Jalan Tol Belmera 5', 3.5320819471906275, 98.76464367941921, '2022-12-27 09:02:05', '2022-12-27 09:02:05'),
(131, 'Jalan Raya Medan', 3.5216935668197404, 98.78587881375944, '2022-12-27 09:02:05', '2022-12-27 09:02:05'),
(132, 'Jalan Dahlan Tj', 3.5179011584613846, 98.79008484181766, '2022-12-27 09:02:05', '2022-12-27 09:02:05'),
(133, 'Jalan Klp Sawit', 3.5157866112220924, 98.79135625828476, '2022-12-27 09:02:05', '2022-12-27 09:02:05'),
(134, 'Jalan Irian', 3.515365884865645, 98.7910211677703, '2022-12-27 09:02:05', '2022-12-27 09:02:05'),
(135, 'Jalan Sei Merah', 3.509687752952742, 98.82280769147374, '2022-12-27 09:02:05', '2022-12-27 09:02:05'),
(136, 'Jalan Sp Penara', 3.502547920961547, 98.82274038668132, '2022-12-27 09:02:05', '2022-12-27 09:02:05'),
(137, 'Jalan Padang Bolak', 3.4564430870303013, 98.8185243921877, '2022-12-27 09:02:05', '2022-12-27 09:02:05'),
(138, 'Simpang Batu Lokong', 3.456367152544542, 98.82171100467893, '2022-12-27 09:02:05', '2022-12-27 09:02:05'),
(139, 'Jalan Batu Lokong', 3.4429861289100088, 98.82102518331035, '2022-12-27 09:02:05', '2022-12-27 09:02:05'),
(140, 'Jalan Batu Rata', 3.4349975240266533, 98.82193630915606, '2022-12-27 09:02:05', '2022-12-27 09:02:05'),
(141, 'Jalan Desa Batu Rata', 3.429843171155513, 98.82755908611318, '2022-12-27 09:02:05', '2022-12-27 09:02:05'),
(142, 'Jalan Desa Ujung Rambe', 3.4299767334774067, 98.83017517219716, '2022-12-27 09:02:05', '2022-12-27 09:02:05'),
(143, 'Jalan Kesuma 2', 3.6281904739736723, 98.71410527191314, '2022-12-27 09:02:05', '2022-12-27 09:02:05'),
(144, 'Jalan Medan-Sampali Road', 3.6284626949456795, 98.70786208248741, '2022-12-27 09:02:05', '2022-12-27 09:02:05'),
(145, 'Jalan H Anif 3', 3.6406719943377865, 98.70844194872542, '2022-12-27 09:02:05', '2022-12-27 09:02:05'),
(146, 'Jalan Tol H Anif', 3.532080427559513, 98.76464481153789, '2022-12-27 09:02:05', '2022-12-27 09:02:05'),
(147, 'Jalan Tol Belmera 6', 3.524552642524048, 98.77618948805541, '2022-12-27 09:02:05', '2022-12-27 09:02:05'),
(148, 'Jalan Medan-P.Siantar', 3.521691936228195, 98.78587886196728, '2022-12-27 09:02:05', '2022-12-27 09:02:05'),
(149, 'Jalan AR Hakim', 3.5820617842062012, 98.70398890750351, '2022-12-27 09:02:05', '2022-12-27 09:02:05'),
(150, 'Jalan Sutrisno 2', 3.58020233159134, 98.68872260874598, '2022-12-27 09:02:05', '2022-12-27 09:02:05'),
(151, 'Jalan Sutomo 3', 3.5833477794289155, 98.6873433243471, '2022-12-27 09:02:05', '2022-12-27 09:02:05'),
(152, 'Jalan Letjen Suprapto', 3.577171458217605, 98.66680215997174, '2022-12-27 09:02:05', '2022-12-27 09:02:05'),
(153, 'Jalan Kapten Patimura', 3.571758911363771, 98.66100150617518, '2022-12-27 09:02:05', '2022-12-27 09:02:05'),
(154, 'Jalan Jamin Ginting', 3.343326330654973, 98.58597566696828, '2022-12-27 09:02:05', '2022-12-27 09:02:05'),
(155, 'Persimpangan Sembahe', 3.343606144398956, 98.58566721293683, '2022-12-27 09:02:05', '2022-12-27 09:02:05'),
(156, 'Jalan Dusun V Durintani', 3.3413982422396846, 98.57913610261203, '2022-12-27 09:02:05', '2022-12-27 09:02:05'),
(157, 'Jalan Pancing', 3.6155040853065854, 98.70723454156956, '2022-12-27 09:02:05', '2022-12-27 09:02:05'),
(158, 'Jalan Tuasan', 3.6168537686082805, 98.68076789387172, '2022-12-27 09:02:05', '2022-12-27 09:02:05'),
(159, 'Jalan Gunung Krakatau', 3.6100819381111364, 98.68049339248529, '2022-12-27 09:02:05', '2022-12-27 09:02:05'),
(160, 'Jalan Karantina', 3.6092252430712133, 98.67427307240524, '2022-12-27 09:02:05', '2022-12-27 09:02:05'),
(161, 'Jalan Kol Yos Sudarso', 3.6069197272439517, 98.67407502715999, '2022-12-27 09:02:05', '2022-12-27 09:02:05'),
(162, 'Jalan H Adam Malik', 3.59330899236154, 98.66895450345038, '2022-12-27 09:02:05', '2022-12-27 09:02:05'),
(163, 'Jalan Gatot Subroto', 3.590688280093745, 98.66143353865716, '2022-12-27 09:02:05', '2022-12-27 09:02:05'),
(164, 'Jalan Iskandar Muda', 3.571758911363771, 98.66100150617518, '2022-12-27 09:02:05', '2022-12-27 09:02:05'),
(165, 'Jalan Tol Medan-Tebing Tinggi', 3.383501309266089, 99.16674796062432, '2022-12-27 09:28:56', '2022-12-27 09:28:56'),
(166, 'Jalan Yos Sudarso Tebing', 3.3522617136592756, 99.16689654300366, '2022-12-27 09:28:56', '2022-12-27 09:28:56'),
(167, 'Jalan Soekarno-Hatta', 2.9213797077893453, 99.71360897600661, '2022-12-27 09:28:56', '2022-12-27 09:28:56'),
(168, 'Jalan W.R.Supratman', 2.112616071925709, 99.80980702305021, '2022-12-27 09:28:56', '2022-12-27 09:28:56'),
(169, 'Jalan Adam Malik', 2.0612977214903827, 99.86118828959182, '2022-12-27 09:28:56', '2022-12-27 09:28:56'),
(170, 'Jalan H.M.Said', 2.0475586461755984, 99.87292391236154, '2022-12-27 09:28:56', '2022-12-27 09:28:56'),
(171, 'Jalan Kesehatan', 1.940478249206867, 99.87705856643582, '2022-12-27 09:28:56', '2022-12-27 09:28:56'),
(172, 'Jalan Raya Kampung Dalam', 1.7697472493890318, 99.84615574442773, '2022-12-27 09:28:56', '2022-12-27 09:28:56'),
(173, 'Jalan Lintas Desa Hajoran', 1.7371542126546464, 99.91851862679914, '2022-12-27 09:28:56', '2022-12-27 09:28:56'),
(174, 'Jalan Besar Hajoran Mabar', 1.7192576277637572, 99.92472231723025, '2022-12-27 09:28:56', '2022-12-27 09:28:56'),
(175, 'Jalan Kota Pinang-Gunung Tua', 1.5148542417382522, 99.62578970841993, '2022-12-27 09:28:56', '2022-12-27 09:28:56'),
(176, 'Jalan Sisingamangaraja-G.Tua', 1.5042380708005443, 99.62437432058077, '2022-12-27 09:28:56', '2022-12-27 09:28:56'),
(177, 'Jalan Portibi', 1.4677289749579028, 99.64318319927058, '2022-12-27 09:28:56', '2022-12-27 09:28:56'),
(178, 'Persimpangan Portibi', 1.4678145200165356, 99.64047925045651, '2022-12-27 09:28:56', '2022-12-27 09:28:56'),
(179, 'Jalan Lantosan I', 1.4546286555149313, 99.63857039314253, '2022-12-27 09:28:56', '2022-12-27 09:28:56'),
(180, 'Jalan Sutomo P.Siantar', 2.9558866836191986, 99.06344324124022, '2022-12-27 09:28:56', '2022-12-27 09:28:56'),
(181, 'Jalan P Diponegoro', 2.952313079752287, 99.06508893816957, '2022-12-27 09:28:56', '2022-12-27 09:28:56'),
(182, 'Jalan Parapat', 2.732682386419929, 98.95919448900322, '2022-12-27 09:28:56', '2022-12-27 09:28:56'),
(183, 'Jalan Alternatif', 2.6304509155735665, 98.98661102430495, '2022-12-27 09:28:56', '2022-12-27 09:28:56'),
(184, 'Jalan Siborong-borong-Parapat', 2.3345831345071457, 99.06455963873636, '2022-12-27 09:28:56', '2022-12-27 09:28:56'),
(185, 'Jalan Patuan Nagari', 2.3329683022137493, 99.05777617589514, '2022-12-27 09:28:56', '2022-12-27 09:28:56'),
(186, 'Jalan Dr Sutomo', 2.328360290067947, 99.04903408865432, '2022-12-27 09:28:56', '2022-12-27 09:28:56'),
(187, 'Jalan Balige-Tarutung', 2.0684265441031466, 98.94436741001296, '2022-12-27 09:28:56', '2022-12-27 09:28:56'),
(188, 'Jalan Raja Naipospos', 2.0129099096113405, 98.98058777673731, '2022-12-27 09:28:56', '2022-12-27 09:28:56'),
(189, 'Jalan Lintas Tarutung-Sipirok', 2.014869912069873, 98.98820293836998, '2022-12-27 09:28:56', '2022-12-27 09:28:56'),
(190, 'Jalan Tarutung-Padang Sidempuan', 1.4662506388505177, 99.3345530197421, '2022-12-27 09:28:56', '2022-12-27 09:28:56'),
(191, 'Jalan Gunung Tua-Pal Sabolas', 1.4794294265092824, 99.60056715964936, '2022-12-27 09:28:56', '2022-12-27 09:28:56'),
(192, 'Simpang Simanosor', 1.4691993544322337, 99.60835264275481, '2022-12-27 09:28:56', '2022-12-27 09:28:56'),
(193, 'Jalan Simanosor', 1.4590395583979143, 99.63210241442034, '2022-12-27 09:28:56', '2022-12-27 09:28:56'),
(194, 'Persimpangan Lantosan I', 1.45297627307124, 99.63604133813102, '2022-12-27 09:28:56', '2022-12-27 09:28:56'),
(195, 'Jalan Lantosan I.', 1.4546286555149313, 99.63857039314253, '2022-12-27 09:28:56', '2022-12-27 09:28:56'),
(196, 'Jalan Tol Medan ', 3.5355871859421746, 98.8608500787975, '2022-12-27 09:48:53', '2022-12-27 09:48:53'),
(197, 'Jalan Tol Medan-Kualanamu-Tebing', 3.4563858522359823, 99.13712755068774, '2022-12-27 09:48:53', '2022-12-27 09:48:53'),
(198, 'Gerbang Tol Sei Rampah', 3.4642282532576347, 99.1498192136714, '2022-12-27 09:48:53', '2022-12-27 09:48:53'),
(199, 'Jalan Besar Pasar Bengkel', 3.479167096333723, 99.14088267611045, '2022-12-27 09:48:53', '2022-12-27 09:48:53'),
(200, 'Jalan Bedagai', 3.496015971873003, 99.19175189136983, '2022-12-27 09:48:53', '2022-12-27 09:48:53'),
(201, 'Jalan Pahlawan', 3.49251434390786, 99.19561866492984, '2022-12-27 09:48:53', '2022-12-27 09:48:53'),
(202, 'Jalan Veteran', 3.6133119985610116, 98.80054595923002, '2022-12-27 09:48:53', '2022-12-27 09:48:53'),
(203, 'Jalan Niaga', 3.6124599708661944, 98.80342674791578, '2022-12-27 09:48:53', '2022-12-27 09:48:53'),
(204, 'Jalan Muspika', 3.5976100081830786, 98.80738189622318, '2022-12-27 09:48:53', '2022-12-27 09:48:53'),
(205, 'Jalan Sultan Serdang', 3.598928871055868, 98.83879463735005, '2022-12-27 09:48:53', '2022-12-27 09:48:53'),
(206, 'Jalan Bandara ', 3.5403429704562126, 98.85510183609784, '2022-12-27 09:48:53', '2022-12-27 09:48:53'),
(207, 'Jalan Tol Medan.', 3.5355871859421746, 98.8608500787975, '2022-12-27 09:48:53', '2022-12-27 09:48:53'),
(208, 'Jalan Raya Pelud Binaka 1', 1.1837410801329036, 97.68369211261673, '2022-12-27 22:35:27', '2022-12-27 22:35:27'),
(209, 'Jalan Raya Pelud Binaka 2', 1.247920897949012, 97.64048630858753, '2022-12-27 22:49:58', '2022-12-27 22:49:58'),
(210, 'Jalan Diponegoro Nias', 1.2883902823314184, 97.6194300922305, '2022-12-27 22:49:58', '2022-12-27 22:49:58'),
(211, 'Jalan Sudirman 1', 1.2882000104997269, 97.61898640954662, '2022-12-27 22:49:58', '2022-12-27 22:49:58'),
(212, 'Jalan Gomo', 1.2906220500395016, 97.6128492596819, '2022-12-27 22:49:58', '2022-12-27 22:49:58'),
(213, 'Jalan Yos Sudarso Ujung', 1.2986302391633087, 97.60788707923957, '2022-12-27 22:49:58', '2022-12-27 22:49:58'),
(214, 'Jalan Arah Nias Tengah', 1.2402590449174018, 97.63439481613098, '2022-12-27 22:49:58', '2022-12-27 22:49:58'),
(215, 'Jalan AW Arefa 1', 1.262537692199068, 97.61242583408203, '2022-12-27 22:49:58', '2022-12-27 22:49:58'),
(216, 'Jalan Sutomo Nias', 1.280452922917483, 97.61474456004423, '2022-12-27 22:49:58', '2022-12-27 22:49:58'),
(217, 'Jalan Pancasila', 1.2857128871038748, 97.61272266929788, '2022-12-27 22:49:58', '2022-12-27 22:49:58'),
(218, 'Jalan Sudirman 2', 1.2859462056474742, 97.61189913177272, '2022-12-27 22:49:58', '2022-12-27 22:49:58'),
(219, 'Jalan Dr Cipto', 1.2885765170982328, 97.61373884766245, '2022-12-27 22:49:58', '2022-12-27 22:49:58'),
(220, 'Jalan Kartini I', 1.2906220500395016, 97.6128492596819, '2022-12-27 22:49:58', '2022-12-27 22:49:58'),
(221, 'Jalan AW Harefa 2', 1.262319426601153, 97.61272057130854, '2022-12-27 22:59:22', '2022-12-27 22:59:22'),
(222, 'Persimpangan AW Harefa', 1.2574059661839818, 97.60707557567302, '2022-12-27 22:59:22', '2022-12-27 22:59:22'),
(223, 'Jalan Mazingo', 1.2638841300699284, 97.60144171800104, '2022-12-27 22:59:22', '2022-12-27 22:59:22'),
(224, 'Jalan Fondrako 1', 1.2785861356676702, 97.59975133312622, '2022-12-27 22:59:22', '2022-12-27 22:59:22'),
(225, 'Jalan Undreboli', 1.2802100427178138, 97.59412407850452, '2022-12-27 22:59:22', '2022-12-27 22:59:22'),
(226, 'Jalan Undreboli Saewe', 1.282668705451315, 97.59399566469364, '2022-12-27 22:59:22', '2022-12-27 22:59:22'),
(227, 'Jalan Sudirman 3', 1.2859469385399542, 97.61189807416089, '2022-12-27 22:59:22', '2022-12-27 22:59:22'),
(228, 'Jalan Fondrako 2', 1.2785861356676702, 97.59975133312622, '2022-12-27 22:59:22', '2022-12-27 22:59:22'),
(229, 'Jalan Arah Idanogawo', 1.0273655820617607, 97.76814798180463, '2022-12-27 23:10:50', '2022-12-27 23:10:50'),
(230, 'Jalan Diponegoro Nias 2', 1.0263612593664861, 97.7744068915907, '2022-12-27 23:10:50', '2022-12-27 23:10:50'),
(231, 'Jalan Arah Tlk Dalam', 0.9901477033266524, 97.81110815205456, '2022-12-27 23:10:50', '2022-12-27 23:10:50'),
(232, 'Jalan Sisarahili', 0.8665345483324174, 97.82510775782522, '2022-12-27 23:10:50', '2022-12-27 23:10:50'),
(233, 'Jalan Lahusa Idanotae', 0.8638365208846691, 97.83121382927962, '2022-12-27 23:10:50', '2022-12-27 23:10:50'),
(234, 'Jalan Arah Tlk Dalam simp Sirasahili', 0.9287911556523348, 97.88176336896963, '2022-12-27 23:10:50', '2022-12-27 23:10:50'),
(235, 'Jalan Bawolato', 0.7552128593929128, 97.87670630886066, '2022-12-27 23:10:50', '2022-12-27 23:10:50'),
(236, 'Jalan Hilisao\'oto', 0.8376446128096795, 97.81605983351342, '2022-12-27 23:10:50', '2022-12-27 23:10:50'),
(237, 'Jalan Sifaoroasi Gomo', 0.8562732027102413, 97.8082283608063, '2022-12-27 23:10:50', '2022-12-27 23:10:50'),
(238, 'Orahili Gomo', 0.8594082470555746, 97.8082283608063, '2022-12-27 23:10:50', '2022-12-27 23:10:50'),
(239, 'Jalan Lahusa', 0.86383629036804, 97.83121368057556, '2022-12-27 23:10:50', '2022-12-27 23:10:50'),
(240, 'Jalan Arah Nias Tengah 2', 1.2209450091272471, 97.60375061567541, '2022-12-27 23:52:06', '2022-12-27 23:52:06'),
(241, 'Jalan Gunung Sitoli', 1.2010442933408612, 97.56585723063888, '2022-12-27 23:52:06', '2022-12-27 23:52:06'),
(242, 'Jalan Nias Tengah', 1.199354289294671, 97.5663405155169, '2022-12-27 23:52:06', '2022-12-27 23:52:06'),
(243, 'Jalan Lalai I', 1.1640847501199623, 97.59233117236059, '2022-12-27 23:52:06', '2022-12-27 23:52:06'),
(244, 'Jalan Gunung Sitoli 2', 1.0871569879288163, 97.57524896872759, '2022-12-27 23:52:06', '2022-12-27 23:52:06'),
(245, 'Jalan Raya Tuwuna', 1.0813686737987904, 97.56896798710598, '2022-12-27 23:52:06', '2022-12-27 23:52:06'),
(246, 'Jalan Lolozirugi', 1.0564782801794663, 97.52403314281537, '2022-12-27 23:52:06', '2022-12-27 23:52:06'),
(247, 'Jalan Lakhene', 1.0627947334222736, 97.51438342611665, '2022-12-27 23:52:06', '2022-12-27 23:52:06'),
(248, 'Jalan Dolidoli', 1.076502634138656, 97.50711859814938, '2022-12-27 23:52:06', '2022-12-27 23:52:06'),
(249, 'Jalan Hayo', 1.0645284575583254, 97.48454012284806, '2022-12-27 23:52:06', '2022-12-27 23:52:06'),
(250, 'Jalan Tekhembowo ', 1.060641421921138, 97.48779723290701, '2022-12-27 23:52:06', '2022-12-27 23:52:06'),
(251, 'Jalan Ononazara', 1.148510831426971, 97.45926948510191, '2022-12-27 23:52:06', '2022-12-27 23:52:06'),
(252, 'Jalan Fulolo Lasara', 1.131288611847296, 97.4421154888072, '2022-12-27 23:52:06', '2022-12-27 23:52:06'),
(253, 'Jalan Teolo', 1.129394766919824, 97.44025442763285, '2022-12-27 23:52:06', '2022-12-27 23:52:06'),
(254, 'Jalan Siduahili', 1.131806988113174, 97.4356357621267, '2022-12-27 23:52:06', '2022-12-27 23:52:06'),
(255, 'Jalan Fabaliwa-Sirombu', 1.0942080204700944, 97.43473495545784, '2022-12-27 23:52:06', '2022-12-27 23:52:06'),
(256, 'Jalan Hiliwa\'ele', 1.0820234752801516, 97.45379443717331, '2022-12-27 23:52:06', '2022-12-27 23:52:06'),
(257, 'Jalan Sisobahili', 1.0609397761107686, 97.45429502259157, '2022-12-27 23:52:06', '2022-12-27 23:52:06'),
(258, 'Jalan Zuzundrao', 1.0671175329752136, 97.47131408292516, '2022-12-27 23:52:06', '2022-12-27 23:52:06'),
(259, 'Jalan Tetehosi-Zuzundrao', 1.0666187623256085, 97.48186218125777, '2022-12-27 23:52:06', '2022-12-27 23:52:06'),
(260, 'Jalan Tekhembowo 2', 1.060641421921138, 97.48779723290701, '2022-12-27 23:52:06', '2022-12-27 23:52:06');

-- --------------------------------------------------------

--
-- Table structure for table `users`
--

CREATE TABLE `users` (
  `id` bigint(20) UNSIGNED NOT NULL,
  `name` varchar(255) COLLATE utf8mb4_unicode_ci NOT NULL,
  `email` varchar(255) COLLATE utf8mb4_unicode_ci NOT NULL,
  `password` varchar(255) COLLATE utf8mb4_unicode_ci NOT NULL,
  `level` enum('Admin','Operator') COLLATE utf8mb4_unicode_ci NOT NULL DEFAULT 'Operator',
  `created_at` timestamp NULL DEFAULT NULL,
  `updated_at` timestamp NULL DEFAULT NULL
) ENGINE=MyISAM DEFAULT CHARSET=utf8mb4 COLLATE=utf8mb4_unicode_ci;

--
-- Dumping data for table `users`
--

INSERT INTO `users` (`id`, `name`, `email`, `password`, `level`, `created_at`, `updated_at`) VALUES
(1, 'admin', 'admin@gmail.com', '$2y$10$.zyv.mN4ewS36HGJcBDXWua88yylf2MwZRK3603IZfRfoNZhJEvHy', 'Admin', NULL, '2022-06-10 16:55:13'),
(2, 'operator', 'operator@gmail.com', '$2y$10$sgvtaF20XIR4aH/XLvdNAelJV8.7POloXnlD4vCPV.q7jzJHWW0qG', 'Operator', NULL, '2022-06-10 16:56:32');

-- --------------------------------------------------------

--
-- Table structure for table `wisata`
--

CREATE TABLE `wisata` (
  `id_wisata` int(11) NOT NULL,
  `nama` varchar(50) NOT NULL,
  `alamat` varchar(200) NOT NULL,
  `lat` double NOT NULL,
  `long` double NOT NULL,
  `lokasi` enum('Nias','Other') NOT NULL DEFAULT 'Other',
  `foto` varchar(50) NOT NULL DEFAULT 'none.jpg',
  `deskripsi` varchar(250) NOT NULL,
  `id_category` int(11) NOT NULL,
  `created_at` timestamp NOT NULL DEFAULT current_timestamp(),
  `updated_at` timestamp NOT NULL DEFAULT current_timestamp()
) ENGINE=MyISAM DEFAULT CHARSET=utf8mb4;

--
-- Dumping data for table `wisata`
--

INSERT INTO `wisata` (`id_wisata`, `nama`, `alamat`, `lat`, `long`, `lokasi`, `foto`, `deskripsi`, `id_category`, `created_at`, `updated_at`) VALUES
(54, 'Dinas Kebudayaan dan Pariwisata', '', 3.6131063173695077, 98.71654496445313, 'Other', 'none.jpg', '', 9, '2022-12-14 01:05:58', '2022-12-14 01:05:58'),
(3, 'Museum Negeri Sumatera Utara', 'Jl, HM, Joni No,51, Teladan Bar,, Kec, Medan Kota, Kota Medan, Sumatera Utara 20217', 3.5683723046782783, 98.69632408437656, 'Other', 'Museum_Negeri_Sumatera_Utara-2022-12-23-.jpg', 'Museum Sumatra Utara atau yang lebih dikenal warga Sumut Museum Negeri Provinsi Sumatra Utara (disingkat Museum Negeri Provsu) ini terletak di Jln. H.M. Jhoni No. 51 Medan. Merupakan Museum terbesar di Sumatra Utara yang berbagai peninggalan sejarah ', 7, '2022-11-13 22:55:05', '2022-12-23 05:28:29'),
(2, 'Museum Pusaka Nias', 'Jl, Yos Sudarso No,134-A, Iraonogeba, Gn, Sitoli, Kota Gunungsitoli, Sumatera Utara 22812', 1.2986320066639805, 97.60878124759289, 'Nias', 'Museum_Pusaka_Nias-2022-12-23-.jpg', 'Museum Pusaka Nias adalah sebuah museum di Gunungsitoli yang didirikan untuk melestarikan budaya Nias. Museum ini dikelola oleh Yayasan Pusaka Nias yang bersifat sosial dan nirlaba. Kegiatan utamanya berfokus pada pelestarian budaya Nias. Yayasan Pus', 7, '2022-11-13 22:53:48', '2022-12-23 05:27:46'),
(51, 'Pelabuhan Laut Pulau Nias', '', 1.183948616682992, 97.68593776754622, 'Nias', 'none.jpg', '', 9, '2022-12-14 02:08:36', '2022-12-14 02:08:36'),
(1, 'Museum Situs Kota Cina', 'Jl, Kota Cina, Paya Pasir, Kec, Medan Marelan, Kota Medan, Sumatera Utara 20254', 3.723013616262166, 98.65675411646754, 'Other', 'Museum_Situs_Kota_Cina-2022-12-23-.jpg', 'Museum Situs Kota China merupakan nama sebuah situs arkeologi yang terletak di tepi danau Siombak, Kelurahan Paya Pasir, Kecamatan Medan Marelan, Kota Medan. Situs Kota China di Medan Marelan telah diketahui sejak tahun 1970-an, namun jejak sejarahny', 7, '2022-11-13 22:53:48', '2022-12-23 05:26:49'),
(4, 'Museum TB Silalahi', 'Jl, Dr, TB, Silalahi No,88, Silalahi Pagar Batu, Balige, Toba, Sumatera Utara', 2.333222398648192, 99.0484150813291, 'Other', 'Museum_TB_Silalahi-2022-12-22-.jpg', 'Museum TB. Silalahi atau yang diberi nama Museum Jejak Langkah dan Sejarah TB. Silalahi yang dibangun sebagai wadah untuk memotivasi generasi muda untuk terus meraih cita-cita dengan melihat pengalaman TB. Silalahi mulai dari kecil sebagai anak penge', 7, '2022-11-26 18:39:43', '2022-12-22 01:36:34'),
(5, 'Museum Daerah Kabupaten Langkat', 'Jalan Amir Hamzah Nomor 1, Kabupaten Langkat, Provinsi Sumatera Utara', 3.8924770971245577, 98.42571095756344, 'Other', 'Museum_Daerah_Kabupaten_Langkat-2022-12-22-.jpg', 'Museum daerah Kabupaten Langkat terletak di kota Tanjung Pura. Keberadaan Museum Daerah ini dirintis pada tahun 2003 dengan memanfaatkan gedung bekas Kerajaan Sultan Langkat yang didirikan pada tahun 1905. Museum ini terletak di Jl. T. Amir Hamzah da', 7, '2022-11-26 18:39:43', '2022-12-22 01:36:47'),
(6, 'Museum Perjuangan TNI', 'Jalan Zainul Arifin no,8 Kelurahan Petisah Tengah, Kecamatan Petisah, Kota, Provinsi Sumatra Utara', 3.5837659960350177, 98.6741670228208, 'Other', 'Museum_Perjuangan_TNI-2022-12-22-.jpg', 'Bangunan Museum Perjuangan TNI Kodam I Bukit Barisan ini memiliki sejarah yang cukup panjang hingga menjadi Museum. Didirikan pada tahun 1928, bangunan ini awalnya digunakan sebagai bangunan Asuransi NV. Levensverzekering Mattschappiy \"Arhnehen\". Pad', 7, '2022-11-26 18:47:02', '2022-12-22 01:37:08'),
(7, 'Museum Simalungun', 'Jalan Sudirman Nomor 20, Kelurahan Proklamasi, Kecamatan Siantar Barat, Kota Pematangsiantar, Provinsi Sumatera Utara', 2.954376245030513, 99.06104455121105, 'Other', 'Museum_Simalungun-2022-12-22-.jpg', 'Museum ini mulai dibangun pada bulan April tahun 1939 dan selesai dibangun pada bulan Desember pada tahun yang sama. Pembangunan museum bertujuan untuk melestarikan budaya Batak Simalungun seperti benda-benda cagar budaya yang bernilai sejarah. Museu', 7, '2022-11-26 18:47:02', '2022-12-22 01:37:23'),
(8, 'Museum Kota Tebing Tinggi', 'Jl, Kotamadya, Tebing Tinggi Lama, Kec, Tebing Tinggi Kota, Kota Tebing Tinggi, Sumatera Utara', 3.328620861079416, 99.1629389905257, 'Other', 'Museum_Kota_Tebing_Tinggi-2022-12-22-.jpg', 'Museum yang berada di Jalan Kotamadya ini dibangun pada tahun 2014 dan diresmikan pada tanggal pada tahun yang sama yakni 13 Desember 2014 oleh Walikota Tebing Tinggi yaitu Bapak Ir. H. Umar Zunaidi Hasibuan dan Ibu Hj. Sri Kurnianingsih. Pendirian M', 7, '2022-11-26 18:48:57', '2022-12-22 01:37:37'),
(9, 'Museum Pusaka Karo', 'Jalan Perwira, Gundaling I, Berastagi, Gundaling I, Kec, Berastagi, Kabupaten Karo, Sumatera Utara', 3.194690608755737, 98.50824992871186, 'Other', 'Museum_Pusaka_Karo-2022-12-22-.jpeg', 'Museum Pusaka Karo adalah museum khusus yang didirikan atas gagasan dari seorang misionaris Belanda bernama Leonardus Egidius Joosten. Gedung Museum Pusaka Karo merupakan bekas Gereja Katolik Santa Maria. Pembangunan museum dimulai pada tahun 2010 da', 7, '2022-11-26 18:48:57', '2022-12-22 01:38:01'),
(10, 'Museum Deli Serdang', 'Jalan Negara, Petapahan Kawasan Olahraga, Seni dan Budaya, Lubuk Pakam, Deli Serdang, Sumatra Utara', 3.5518580675567253, 98.86653929665464, 'Other', 'Museum_Deli_Serdang-2022-12-22-.jpg', 'Museum Daerah Deli Serdang atau Museum Deli Serdang adalah museum sejarah dan budaya yang terletak di lokasi kompleks perkantoran pemerintahan, Desa Tanjung Garbus I, Lubuk Pakam, Deli Serdang, Sumatera Utara. Museum ini didirikan dengan tujuan menca', 7, '2022-11-26 18:55:51', '2022-12-22 01:38:16'),
(11, 'Batu Megalith Kara Fanahae', 'Hiliaduho, Lahomi, Kabupaten Nias Barat, Sumatera Utara', 1.004808225054337, 97.51475566310658, 'Nias', 'Batu_Megalith_Kara_Fanahae-2022-12-22-.jpg', 'Batu pahat yang berbentuk manusia laki-laki dan perempuan. Batu yang berbentuk laki-laki disebut Balugu Tuha Lauru. Tingginya sekitar 170 cm, seperti laki-laki yang memakai perhiasan. kedua tangannya ditekuk seperti sikap berdoa. Disampingnya batu me', 1, '2022-11-26 20:05:41', '2022-12-22 01:39:26'),
(12, 'Batu Megalith Sihareo', 'Lololakha, Gunungsitoli Sel,, Kota Gunungsitoli, Sumatera Utara', 1.2032763152989616, 97.6176675684445, 'Other', 'Batu_Megalith_Sihareo-2022-12-22-.jpg', 'Batu megalith (gowe) Sihare\'o berlokasi di Dusun III desa Sihare\'o I Tabaloho dan diperkirakan berdiri sejak tahun 1750, yang didirikan oleh anak sulung dari Laso Mbanua. Laso Mbanua berasal dari Ori Onozitoli Tabaloho dan mempunyai saudara kandung y', 1, '2022-11-26 20:05:41', '2022-12-22 01:39:44'),
(13, 'Batu Megalith Tetegewo', 'Hilisao\'oto, Lahusa, Kabupaten Nias Selatan, Sumatera Utara', 0.8430162646026114, 97.82499002803328, 'Nias', 'Batu_Megalith_Tetegewo-2022-12-22-.jpg', 'Situs ini terletak di puncak bukit. Artefak-artefak peninggalan zaman megalitikum hampir memenuhi luasan puncak bukit itu. Menhir,  batu tunggal, berukuran cukup besar, berbentuk tugu dengan ornament lingkaran pada atasnya dan ornament menyerupai ped', 1, '2022-11-26 20:35:54', '2022-12-22 01:40:02'),
(14, 'Batu Megalith Tundrumbaho', 'Lawa-lawa Luo Idanotae, Gomo, Kabupaten Nias Selatan, Sumatera Utara', 0.8630154981643365, 97.83171905892844, 'Nias', 'Batu_Megalith_Tundrumbaho-2022-12-22-.jpeg', 'Lahusa Idanotae merupakan salah satu desa yang ada di kecamatan Gomo, kabupaten Nias Selatan, provinsi Sumatra Utara. Idanotae mungkin adalah desa yang paling menarik di daerah ini karena kombinasi antara banyak megalit unik dan sebuah rumah adat yan', 1, '2022-11-26 20:35:54', '2022-12-22 01:40:21'),
(15, 'Batu Megalith Tuada Balugu Darua', 'Onolimbu You, Mandrehe Bar,, Kabupaten Nias Barat, Sumatera Utara', 1.033557906397876, 97.44954127101147, 'Nias', 'Batu_Megalith_Tuada_Balugu_Darua-2022-12-22-.jpg', 'Batu megalith atau Gowe Nioniha adalah batu yang dipahat/latoto menyerupai. Pemahat batu megalith dilakukan oleh orang yang memiliki seni pahat yang baik serta keahlian imajinatif dalam membentuk batu besar menurut bentuk, ukutan dan mode sesuai kei', 1, '2022-11-26 20:35:54', '2022-12-22 01:40:42'),
(16, 'Batu Megalith Baladano Laina', 'Desa Balodano Kecamatan Mandrehe Utara, Kabupaten Nias barat, Sumatera Utara', 1.084961415243354, 97.54098564091592, 'Other', 'Batu_Megalith_Baladano_Laina-2022-12-22-.png', 'Situs megalitik Baladano terletak di Desa Baldan Kecamatan Mandrehe Utara, Kabupaten Nias barat. Kompleks Megalitik Baldan terletak di Desa Baldan, Kecamatan Mandrehe, Kabupaten Nias Barat yang dialiri Sungai Oyo, salah satu sungai terbesar di ', 1, '2022-11-26 20:35:54', '2022-12-22 01:41:00'),
(17, 'Batu Megalith Boronadu', 'Boronadu, Kabupaten Nias Barat, Provinsi Sumatera Utara', 0.8725363302120052, 97.74126611912504, 'Nias', 'Batu_Megalith_Boronadu-2022-12-22-.png', 'Objek wisata ini terletak di Desa Boronadu, Kecamatan Gomo, Kabupaten Nias Selatan, Sumatera Utara. Juga sebagai situs megalitikum peninggalan para leluhur Suku Nias ribuan tahun lalu. Boronadu merupakan desa terpencil di Nias Selatan yang sering dij', 1, '2022-11-26 20:35:54', '2022-12-22 01:41:19'),
(18, 'Batu Megalitik Hiligoe', 'Sisarahili I, Mandrehe Bar,, Kabupaten Nias Barat, Sumatera Utara', 1.0597826105624573, 97.48675419946854, 'Nias', 'Batu_Megalitik_Hiligoe-2022-12-22-.jpg', 'Situs Hiligoe ini tampak berdiri kokoh tepat di samping Omo Hada atau rumah adat Nias berbentuk oval. Menurut cerita masyarakat setempat, konon rumah adat dan batu megalitik ini milik seseorang berdarah bangsawan Nias. Tampilan Batu Megalitik Hiligoe', 1, '2022-11-26 20:44:19', '2022-12-22 01:41:48'),
(19, 'Batu Megalith Tekhembowo', 'Hiligoe, Sisarahili I, Kec Mandrehe, Kabupaten Nias Barat, Sumatera Utara', 1.0645456086625888, 97.48458842430523, 'Other', 'Batu_Megalith_Tekhembowo-2022-12-22-.jpg', 'Batu Megalith berbentuk mirip manusia. pada tubuhnya terdapat seperti ukiran yaitu\r\nSebelah kanan, terdapat ukiran untuk menentukan ukuran jujuran (mahar) pada perkawinan\r\nSebelah kiri, terdapat ukiran untuk ukuran sanksi bagi setiap orang yang berbu', 1, '2022-11-26 20:44:19', '2022-12-22 01:42:16'),
(20, 'Makam Papan Tinggi Barus', 'Jl, Barus - Manduamas No,KM,4, Pananggahan, Kec, Barus Utara, Kabupaten Tapanuli Tengah, Sumatera Utara', 2.0386047476608025, 98.41960463333437, 'Other', 'Makam_Papan_Tinggi_Barus-2022-12-22-.jpg', 'Terdapat 7 buah makam seluruhnya tidak memakai jirat (badan makam) yang berada di puncak bukit dengan ketinggian  3000 meter dari permukaan air laut dengan menaiki tangga yang berjumlah 708 anak tangga. Enam buah makam letaknya berkelompok dan terbu', 6, '2022-11-26 20:44:19', '2022-12-22 01:42:40'),
(21, 'Makam Kesultanan Langkat', 'Jl, Masjid No,1, Pekan Tj, Pura, Kec, Tj, Pura, Kabupaten Langkat, Sumatera Utara', 3.8915168127570747, 98.42428056414438, 'Other', 'Makam_Kesultanan_Langkat-2022-12-22-.jpg', 'Kompleks Makam Kesultanan Langkat merupakan tempat pemakaman keturunan Sultan Langkat, antara lain keluarga Sultan Musa (Sultan langkat I), Sultan Abdul Aziz (II), Sultan Mahmud Abdul Jalil Rahmansyah Al Haj dan seluruh anak cucu mereka, makam ini te', 6, '2022-11-26 20:44:19', '2022-12-22 01:43:15'),
(22, 'Candi Mangaledang', 'Desa Mangaledang Kec, Portibi, Mangaledang Lama, Kec Portibi, Kabupaten Padang Lawas Utara, Sumatera Utara', 1.4547711501998846, 99.63833002076467, 'Other', 'Candi_Mangaledang-2022-12-22-.jpg', 'Situs Candi Mangaledang ini berada di Dusun Tor Na Tambang, Desa Mangaledang Godang, Kecamatan Portibi, Kabupaten Padang Lawas Utara. Untuk menuju lokasi kita harus melewati beberapa medan yang cukup sulit dan belum tersentuh aspal. Desa ini sebenarn', 3, '2022-11-26 20:44:19', '2022-12-22 01:44:00'),
(23, 'Candi Manggis', 'Sisoma, Sosa, Kabupaten Padang Lawas, Sumatera Utara', 0.9209411114384806, 99.95232399809709, 'Other', 'Candi_Manggis-2022-12-22-.jpeg', 'Bentuk candi merupakan gundukan tanah, akan tepai masih tampak struktur bata yang bagian tengahnya berlubang karena digali oleh masyarakat yang mencari harta karun. Lokasi candi dikelilingi oleh gundukan-gundukan tanah menyerupai benteng yang sengaja', 3, '2022-11-26 20:44:19', '2022-12-22 01:44:21'),
(24, 'Candi Sipamutung', 'Desa Siparau Kecamatan Barumun Tengah Kabupaten Padang Lawas, Siparau, Kec Barumun Tengah, Kabupaten Padang Lawas, Sumatera Utara', 1.4047510550753213, 99.84881489632946, 'Other', 'Candi_Sipamutung-2022-12-22-.jpg', 'Candi Sipamutung (Biaro Sipamutung) adalah salah satu candi bercorak Buddha peninggalan Kerajaan Pannai di Kompleks Percandian Padanglawas. Secara administratif, candi ini terletak di Desa Siparau Kecamatan Barumun Tengah, Kabupaten Padanglawas, Prov', 3, '2022-11-26 20:44:19', '2022-12-22 01:44:41'),
(25, 'Candi Sisangkilon', 'Desa Sisangkilon, Sangkilon, Kec Lubuk Barumun, Kabupaten Padang Lawas, Sumatera Utara', 1.2475498599206931, 99.83121772662248, 'Other', 'Candi_Sisangkilon-2022-12-22-.jpg', 'Percandian ini bercirikan Hindu, di dalam komplek Candi Sisangkilon terdapat 4 buah gundukan tanah, 3 buah gundukan tidak terlihat lagi struktur bata dan 1 buah gundukan masih nampak berdiri bangunan Candi diatas permukaan gundukan tersebut. Posisi g', 3, '2022-11-26 20:44:19', '2022-12-22 01:45:02'),
(26, 'Candi Bahal', 'Desa Bahal, Kecamatan Portibi, Kab, Paluta, Bahal, Kec Portibi, Kabupaten Padang Lawas Utara, Sumatera Utara', 1.459121323910598, 99.74459516059125, 'Other', 'Candi_Bahal-2022-12-22-.jpg', 'Candi Bahal berlokasi di Desa Bahal, Kecamatan Padang Bolak, Kabupaten Tapanuli Selatan, Sumatera Utara, yaitu sekitar 3 jam perjalanan dari Padangsidempuan. Candi ini merupakan kompleks candi (dalam istilah setempat disebut biaro) yang terluas di pr', 3, '2022-11-26 20:44:19', '2022-12-22 01:45:40'),
(27, 'Prasasti Pulo Bargot', 'Dusun 1 Pulo Bargot, Pulo Bargot, Kec Marbau, Kabupaten Labuhan Batu Utara, Sumatera Utara', 2.2242771829130437, 99.87452000708325, 'Other', 'Prasasti_Pulo_Bargot-2022-12-22-.jpeg', 'Prasasti pulo bargot ini berada di dusun 1 pulo bargot desa pulo bargot kecamatan marbau kabupaten labuhanbatu utara ini didirikan untuk mengenang peristiwa pertempuran oleh sejumlah pasukan gerilya tentara nasional indonesia terhadap benteng dan mar', 8, '2022-11-26 20:44:19', '2022-12-22 01:46:12'),
(28, 'Prasasti Padang Halaban', 'Dusun Ii Sidomulyo, Sidomulyo, Kec Aek Kuo, Kabupaten Labuhan Batu Utara, Sumatera Utara', 2.311497674794674, 99.84108794880729, 'Other', 'Prasasti_Padang_Halaban-2022-12-22-.jpeg', 'Prasasti perjuangan yang berada di dusun II sidomulyo desa sidomulyo kecamatan aek kuo kabupaten labuhanbatu utara ini didirikan untuk mengenang peristiwa penyerangan oleh sejumlah pasukan gerilya  tentara nasional indonesia terhadap pos pertahanan p', 8, '2022-11-26 20:44:19', '2022-12-22 01:46:28'),
(29, 'Prasasti Batugana (Panai)', 'Candi Bahal I, di Desa Bahal, Kecamatan Portibi, Kabupaten Padang Lawas Utara, Provinsi Sumatra Utara', 1.4091913326827332, 99.72660930915184, 'Other', 'Prasasti_Batugana_(Panai)-2022-12-22-.jpg', 'Prasasti Panai merupakan salah satu prasasti dari Sumatera Utara, yang ditemukan di Kompleks Percandian Biaro Bahal, Kabupaten Padang Lawas. Prasasti berbentuk silindrik dengan tinggi 81 cm dan keliling 124 cm ini, sekarang disimpan di Museum Negeri', 8, '2022-11-26 21:29:42', '2022-12-22 01:46:48'),
(30, 'Prasasti Lobu Tua', 'Lobu Tua, Barus, Tapanuli Tengah, Sumatera Utara', 2.0357277774520894, 98.36565075917841, 'Other', 'Prasasti_Lobu_Tua-2022-12-22-.jpg', 'Prasasti Lobu Tua yang berbentuk tiang segi enam dengan sisi-sisi tidak beraturan ini ditemukan pada tahun 1873. Prasasti ini tidak seluruhnya ditulis dalam aksara Tamil. Di Indonesia, aksara Tamil tidak mengalami perkembangan yang berarti dalam adap', 8, '2022-11-26 21:29:42', '2022-12-22 01:47:07'),
(31, 'Prasasti Sitopayan', 'Desa Sitopayan, Kecamatan Portibi, Kabupaten Padang Lawas Utara, Sumatera Utara', 1.459071940088177, 99.63071549122088, 'Other', 'Prasasti_Sitopayan-2022-12-22-.jpg', 'Prasasti Sitopayan I adalah salah satu prasasti yang ditulis dalam bahasa Melayu Kuno dan bahasa Batak dan sebagian besar menggunakan aksara Kawi serta beberapa kata memakai aksara Batak Kuno. Prasasti in ditemukan di Biaro (candi) Si Topayan, yaitu ', 8, '2022-11-26 21:29:42', '2022-12-22 01:47:20'),
(32, 'Gua Togindrawa', 'Desa Lelewonu Niko\'otano, Lelewonu Nikootano, Kec Gunung Sitoli, Kota Gunungsitoli, Sumatera Utara', 1.282668705451315, 97.59399566469364, 'Nias', 'Gua_Togindrawa-2022-12-22-.jpg', 'Tgi Ndrawa adalah sebuah gua di Nias yang memiliki jejak peninggalan orang Nias sejak dua belas ribu tahun lalu. Gua ini berada di desa Lelewonu Niko\'otano, Gunungsitoli. Menurut masyarakat sekitar, gua ini disebut Tgi Ndrawa karena gua ini sebelum', 4, '2022-11-26 21:29:42', '2022-12-22 01:48:16'),
(33, 'Gua Jepang Tangga Seratus', 'Jalan Siswomiharjo, Huta Tonga Tonga, Kec Sibolga Utara, Kota Sibolga, Sumatera Utara', 1.7422729586764008, 98.7806085242642, 'Other', 'Gua_Jepang_Tangga_Seratus-2022-12-22-.jpeg', 'Goa Peninggalan Jepang ini terletak di tengah kota Sibolga. Sampai sekarang keberadaannya menjadi misteri belum diketahui keadaan didalamannya, yang dibenahi hanya luar sekitar goa tersebut.  \r\n', 4, '2022-11-26 21:29:42', '2022-12-22 01:48:34'),
(34, 'Gua Batu Jepang', 'Bangun Purba, Urung Ganjang, Kec Bangun Purba, Kabupaten Deli Serdang, Sumatera Utara', 3.4299767334774067, 98.83017517219716, 'Other', 'Gua_Batu_Jepang-2022-12-22-.png', 'Menurut hasil survei arkeologis Balar Medan, dikatakan Gua tersebut merupakan peninggalan Jepang. Gua Ini berfungsi untuk menjaga musuh dari arah Sungai Buaya menuju ke Dataran Tinggi \r\n', 4, '2022-11-26 21:29:42', '2022-12-22 01:50:14'),
(35, 'Gua Kembar', 'Dusun III Tambak Pajok, Desa Adin Tengah, Kecamatan Selapian, Kabupaten Langkat, Sumatera Utara', 3.3160250954211103, 98.36385848226959, 'Other', 'Gua_Kembar-2022-12-22-.jpg', 'Goa Kembar terdapat sepasang goa yang terbentuk alami di antara hutan dan perbukitan kawasan Bukit Barisan. Pada dinding goa dan sisi dalamnya, terdapat 10 arca atau patung kuno dan beberapa ukiran batu. Patung dan ukiran ini diduga bagian dari kebut', 4, '2022-11-26 21:29:42', '2022-12-22 01:50:40'),
(36, 'Gua Kemang', 'Simbahe, Sembahe, Kec Sibolangit, Kabupaten Deli Serdang, Sumatera Utara', 3.3413982422396846, 98.57913610261203, 'Other', 'Gua_Kemang-2022-12-22-.jpg', 'Gua umang/ kemang merupakan sebuah batu besar yang memiliki lobang/ pintu masuk dengan ukuran lebih kurang 50cm. dibagian belakang gua terdapat ornamen menyerupai manusia yang dipercaya masyarakat adalah umang/orang hunian. Umang/ orang hunian ini ad', 4, '2022-11-26 21:29:42', '2022-12-22 01:51:02'),
(37, 'Gua Liang Namuap', 'Desa Parapat Kecamatan Sosa Kabupaten Padang Lawas, Parapat, Kec Sosa, Kabupaten Padang Lawas, Sumatera Utara', 0.9588740614968307, 99.92082488150888, 'Other', 'Gua_Liang_Namuap-2022-12-22-.jpg', 'Disebut Gua Liang Namuap karena memang goa ini berbau. Liang Namuap kira-kira berjarak 23 km dari pusat ibukota Kab. Padang Lawas. Tepatnya berada di Desa Parapat Kecamatan Sosa. Liang Namuap tidak terlalu jauh dari pemukiman warga Desa Parapat. Gua ', 4, '2022-11-26 21:29:42', '2022-12-22 01:51:36'),
(38, 'Gua Partonunan', 'Bagian Tengah Kawasan Tombak Sulu-sulu, Marbun Tonga Marbun Dolok, Kec Bakti Raja, Kabupaten Humbang Hasundutan, Sumatera Utara', 2.3102955610779667, 98.8052403503593, 'Other', 'Gua_Partonunan-2022-12-22-.jpeg', 'Gua partonunan berada di bagian tengah Kawasan Tombak Sulu-Sulu di Desa Marbun Tonga Marbun Dolok, Kecamatan Baktiraja. Gua ini berbentuk Rumah Adat Batak dengan tinggi sekitar 1,5 meter, panjang 1 meter dan kedalaman 3 meter. Gua ini berada di bagia', 4, '2022-11-26 21:29:42', '2022-12-22 01:52:17'),
(39, 'Gua Simaninggir', 'Desa Tarabintang, Pusuk Ii Simaninggir, Kec Parlilitan, Kabupaten Humbang Hasundutan, Sumatera Utara', 2.21840015867408, 98.55665035914886, 'Other', 'Gua_Simaninggir-2022-12-22-.jpeg', 'Gua Simaninggir berada di Desa Pusuk II, Kecamatan Parlilitan, sekitar 50 Km dari Kota Doloksanggul. Masyarakat sekitar juga menyebut gua ini dengan nama Gua Unte Hajoran. Gua berdinding batu tua ini berada dilahan berukuran sekitar 1 ha. Tinggi gua ', 4, '2022-11-26 21:29:42', '2022-12-22 01:52:33'),
(40, 'Batu Lubang (Gua Belanda)', 'Jl, Sibolga - Tarutung, Simaninggir, Kec, Sitahuis, Kabupaten Tapanuli Tengah, Sumatera Utara', 1.7655327475843872, 98.79712886892753, 'Other', 'Batu_Lubang_(Gua_Belanda)-2022-12-22-.jpg', 'Batu Lubang ini terdapat di jalan lintas yang menghubungkan kota Sibolga dan Tarutung, terdapat sebuah terowongan yang disebut Batu Lubang. Jalan terowongan itu tepatnya berada di KM 8, Kawasan Dusun Simaninggir, Desa Bonandolok, Kecamatan Sitahuis, ', 4, '2022-11-26 21:43:35', '2022-12-22 01:52:51'),
(41, 'Benteng Putri Hijau', 'Jalan Perumahan Taman Putri Deli, Deli Tua, Kec Namo Rambe, Kabupaten Deli Serdang, Sumatera Utara', 3.4809176416439307, 98.67142889685982, 'Other', 'Benteng_Putri_Hijau-2022-12-22-.jpg', 'Benteng ini merupakan area pertahanan dari seranangan musuh yang berasal dari barat. Benteng ini diketahui merupakan peninggalan sejarah dari Kerajaan Aru yang berkuasa pada abad ke-13. Namun, saat ini situs tersebut tinggal tersisa sebagian kecil, l', 2, '2022-11-26 21:43:35', '2022-12-22 01:53:10'),
(42, 'Benteng Tanduk Benua', 'Jalan Kutalimbaru, Suka Makmur, Kec Kutalimbaru, Kabupaten Deli Serdang, Sumatera Utara', 3.4285093113514296, 98.52764597777114, 'Other', 'Benteng_Tanduk_Benua-2022-12-22-.png', 'Benteng tanduk benua merupakan tempat perlindungan/pertahanan saat terjadi perlawanan antara rakyat dengan penjajah. Benteng ini merupakan situs perang Sunggal. Perang Sunggal, kata dia, adalah perang yang sangat herois, dibuktikan dengan adanya bent', 2, '2022-11-26 21:43:35', '2022-12-22 01:53:34'),
(43, 'Benteng Barus', 'Kelurahan Padang Masiang, Padang Masiang, Kec Barus, Kabupaten Tapanuli Tengah, Sumatera Utara', 2.0134062782034965, 98.39979799767112, 'Other', 'Benteng_Barus-2022-12-22-.jpg', 'Benteng pertahanan peninggalan Portugis dan Belanda dengan luas 2.675 m2 kini beralamatkan di Kelurahan Padang Masiang, Kecamatan Barus, Kabupaten Tapanuli Tengah, Sumatera Utara, 22564. Kawasan di sekitar benteng ini relatif padat dan ramai, karena ', 2, '2022-11-26 21:43:35', '2022-12-22 01:53:53'),
(44, 'Benteng Bukit Ketapang', 'Jalan Ketapang, Sibolga Ilir, Kec Sibolga Utara, Kota Sibolga, Sumatera Utara', 1.748531388715064, 98.76933948961741, 'Other', 'Benteng_Bukit_Ketapang-2022-12-22-.jpg', 'Benteng Bukit Ketapang merupakan tempat wisata sejarah yang berada di sekitar Bukit Ketapang, Kelurahan Sibolga Ilir Kecamatan Sibolga Utara, Kota Sibolga. Di lokasi ini terdapat enam buah benteng yang bersejarah. Dua buah benteng letaknya berada di ', 2, '2022-11-26 21:43:35', '2022-12-22 01:54:33'),
(45, 'Benteng Huraba', 'Jln Mandailing- Padang Sidimpuan Km 19 Kelurahan Pintu Padang Kec Batang Angkola, Kelurahan Pintu Padang Ii, Kec Batang Angkola, Kabupaten Tapanuli Selatan, Sumatera Utara', 1.1991573196709753, 99.31279920681426, 'Other', 'Benteng_Huraba-2022-12-22-.jpg', 'Benteng Huraba berada di jalan mandailing- padang sidimpuan KM 19 kelurahan pintu padang, kecamatan Batang Angkola, Kabupaten Tapanuli Selatan adalah salah satu bukti sejarah dimana para pahlawan mmelawan penjajah dalam rangka mempertahankan kemerdek', 2, '2022-11-26 21:43:35', '2022-12-22 01:55:23'),
(46, 'Istana Kerajaan Negeri Padang', 'Jalan KF Tendean, Bandar Utama, Kecamatan Tebing Tinggi Kota, Sumatera Utara', 3.3328514883134197, 99.15614225677727, 'Other', 'Istana_Kerajaan_Negeri_Padang-2022-12-22-.jpg', 'Istana tersebut bernama Istana Negeri Padang, yang merupakan Peninggalan Raja ke XII Kerajaan Melayu, Tengku Hasyim, dan tegak berdiri di kawasan lingkungan penduduk di Jalan KF Tandean, Tebingtinggi. Istana tersebut sudah berusia kurang lebih dari d', 5, '2022-11-26 21:43:35', '2022-12-22 01:55:46'),
(47, 'Istana Maimun', 'Jl, Brigjend Katamso No,66, A U R, Kec Medan Maimun, Kota Medan', 3.575226385103161, 98.68363991392496, 'Other', 'Istana_Maimun-2022-12-22-.jpg', 'Pada tahun 1887 Sultan Makmun Al Rasyid Delia Perkasa Alamsyah menggeser pusat ekonomi dari Labuhan ke Medan dan membangun Istana Maimun. Istana ini didesain oleh Ir. Kapten Th. Van Erp,arsitek Italia dan selesai pada tahun 1891. Istana mulai diabaik', 5, '2022-11-26 21:43:35', '2022-12-22 01:56:09'),
(48, 'Istana Lima Laras', 'Dsn Iii Desa Lima Laras, Kel, Lima Laras, Kec, Nibung Hangus, Kab, Batu Bara, Lima Laras, Kec Tanjung Tiram, Kabupaten Batu Bara, Sumatera Utara', 3.181497819926307, 99.6187436316868, 'Other', 'Istana_Lima_Laras-2022-12-22-.jpg', 'Istana lima laras merupakan bangunan tempat tinggal penguasa sekaligus pusat kekuasaan politik, sosial dan ekonomi ini dibangun oleh Datuk Muhammad Yuda. Beliau yang bertahta pada tahun 1883 hingga 1919 adalah raja yang kesebelas dari kerajaan Lima L', 5, '2022-11-26 21:43:35', '2022-12-22 01:56:24'),
(49, 'Istana Kerajaan Bedagai', 'Tanjung Beringin, Pekan Tanjung Beringin, Kec Tanjung Beringin, Kabupaten Serdang Bedagai, Sumatera Utara', 3.4925154583864844, 99.19551226093702, 'Other', 'Istana_Kerajaan_Bedagai-2022-12-22-.png', 'Kerajaan Bedagai merupakan salah satu kerajaan yang pernah berdiri di Serdang Bedagai. Wilayahnya meliputi Kecamatan Tanjung Beringin, Sei Rampah, Teluk Mengkudu dan Dolok Masihul. Kerajaan Bedagai berawal dari hubungan pernikahan antara Sultan Osman', 5, '2022-11-26 21:43:35', '2022-12-22 01:56:43'),
(50, 'Istana Sultan Basyaruddin', 'Jl, Rantau Panjang, Rantau Panjang, Kec Pantai Labu, Kabupaten Deli Serdang, Sumatera Utara', 3.68221273814661, 98.84275007203031, 'Other', 'Istana_Sultan_Basyaruddin-2022-12-22-.jpg', 'Istana sultan basyaruddin dibangun sekitar tahun 1800-an. Istana tersebut dipergunakan sebagai tempat tinggal Sultan Basyaruddin. Sultan Basyaruddin Shariful Alamsyah merupakan sultan serdang ke IV. Istana ini juga dijadikan tempat pertahanan dari se', 5, '2022-11-26 21:43:35', '2022-12-22 01:56:55');

--
-- Indexes for dumped tables
--

--
-- Indexes for table `category`
--
ALTER TABLE `category`
  ADD PRIMARY KEY (`id_category`);

--
-- Indexes for table `graf`
--
ALTER TABLE `graf`
  ADD PRIMARY KEY (`id_graf`);

--
-- Indexes for table `node`
--
ALTER TABLE `node`
  ADD PRIMARY KEY (`id_node`);

--
-- Indexes for table `users`
--
ALTER TABLE `users`
  ADD PRIMARY KEY (`id`),
  ADD UNIQUE KEY `users_email_unique` (`email`) USING HASH;

--
-- Indexes for table `wisata`
--
ALTER TABLE `wisata`
  ADD PRIMARY KEY (`id_wisata`);

--
-- AUTO_INCREMENT for dumped tables
--

--
-- AUTO_INCREMENT for table `category`
--
ALTER TABLE `category`
  MODIFY `id_category` int(11) NOT NULL AUTO_INCREMENT, AUTO_INCREMENT=10;

--
-- AUTO_INCREMENT for table `graf`
--
ALTER TABLE `graf`
  MODIFY `id_graf` int(11) NOT NULL AUTO_INCREMENT, AUTO_INCREMENT=383;

--
-- AUTO_INCREMENT for table `node`
--
ALTER TABLE `node`
  MODIFY `id_node` int(11) NOT NULL AUTO_INCREMENT, AUTO_INCREMENT=261;

--
-- AUTO_INCREMENT for table `users`
--
ALTER TABLE `users`
  MODIFY `id` bigint(20) UNSIGNED NOT NULL AUTO_INCREMENT, AUTO_INCREMENT=13;

--
-- AUTO_INCREMENT for table `wisata`
--
ALTER TABLE `wisata`
  MODIFY `id_wisata` int(11) NOT NULL AUTO_INCREMENT, AUTO_INCREMENT=55;
COMMIT;

/*!40101 SET CHARACTER_SET_CLIENT=@OLD_CHARACTER_SET_CLIENT */;
/*!40101 SET CHARACTER_SET_RESULTS=@OLD_CHARACTER_SET_RESULTS */;
/*!40101 SET COLLATION_CONNECTION=@OLD_COLLATION_CONNECTION */;
